prix,delegation,gouvernorat,chambres,salle_de_bains,nb_pieces,superficie,etage
175000.0,Ennasr,Ariana,1,1.0,2.0,65.0,1
270000.0,Ghazela,Ariana,2,1.0,3.0,100.0,3
390000.0,Ariana Ville,Ariana,4,2.0,5.0,140.0,5
400000.0,Ariana Ville,Ariana,3,1.0,3.0,124.0,1
345000.0,La Soukra,Ariana,3,2.0,5.0,140.0,2
230000.0,Menzah,Ariana,2,1.0,3.0,70.0,2
275000.0,Mnihla,Ariana,2,1.0,3.0,102.0,2
130000.0,Ariana Ville,Ariana,3,1.0,3.0,140.0,3
150000.0,Ennasr,Ariana,1,1.0,2.0,60.0,1
340000.0,Raoued,Ariana,2,1.0,3.0,120.0,1
285000.0,La Soukra,Ariana,3,1.0,4.0,132.0,2
250000.0,La Soukra,Ariana,3,1.0,4.0,126.0,1
295000.0,Menzah,Ariana,2,2.0,3.0,124.0,1
330000.0,Ennasr,Ariana,3,2.0,4.0,136.0,5
350000.0,Ennasr,Ariana,3,2.0,4.0,148.0,1
430000.0,Ghazela,Ariana,4,1.0,4.0,160.0,6
295000.0,Ennasr,Ariana,2,2.0,3.0,132.0,1
295000.0,Ennasr,Ariana,3,1.0,4.0,142.0,6
380000.0,Ennasr,Ariana,2,2.0,3.0,108.0,3
240000.0,Ariana Ville,Ariana,4,2.0,5.0,144.0,1
280000.0,Ennasr,Ariana,2,1.0,3.0,111.0,1
430000.0,Ennasr,Ariana,2,1.0,3.0,170.0,1
200000.0,Ariana Ville,Ariana,2,1.0,3.0,89.0,1
200000.0,Ennasr,Ariana,1,1.0,2.0,65.0,3
490000.0,Ariana Ville,Ariana,3,2.0,4.0,220.0,4
350000.0,Ariana Ville,Ariana,4,1.0,5.0,115.0,1
65000.0,Raoued,Ariana,1,1.0,2.0,63.0,1
80000.0,Ariana Ville,Ariana,3,1.0,4.0,120.0,1
135000.0,Ariana Ville,Ariana,2,1.0,3.0,90.0,1
210000.0,Ariana Ville,Ariana,3,2.0,4.0,129.0,1
175000.0,Borj Louzir,Ariana,2,1.0,3.0,70.0,1
700000.0,Raoued,Ariana,3,1.0,4.0,200.0,1
340000.0,Menzah,Ariana,2,1.0,3.0,117.0,1
675000.0,Raoued,Ariana,3,2.0,4.0,200.0,1
235000.0,Ariana Ville,Ariana,1,1.0,2.0,78.0,2
90000.0,Borj Louzir,Ariana,2,1.0,5.0,120.0,2
450000.0,La Soukra,Ariana,2,2.0,3.0,125.0,2
170000.0,Ghazela,Ariana,1,1.0,2.0,63.0,2
240000.0,Raoued,Ariana,3,2.0,4.0,135.0,5
400000.0,La Soukra,Ariana,4,2.0,5.0,170.0,1
235000.0,Ennasr,Ariana,1,1.0,2.0,78.0,2
170000.0,La Soukra,Ariana,1,1.0,1.0,50.0,1
445000.0,Borj Louzir,Ariana,3,2.0,4.0,260.0,1
250000.0,Raoued,Ariana,2,2.0,3.0,163.0,3
250000.0,Menzah,Ariana,2,1.0,3.0,100.0,1
280000.0,Ariana Ville,Ariana,2,1.0,3.0,74.0,5
265000.0,Menzah,Ariana,2,1.0,3.0,100.0,1
315000.0,Jardins D'el Menzah,Ariana,3,2.0,7.0,112.0,3
280000.0,Menzah,Ariana,3,2.0,3.0,125.0,1
450000.0,La Soukra,Ariana,3,1.0,4.0,124.0,1
235000.0,Ennasr,Ariana,1,1.0,2.0,60.0,1
300000.0,Manar,Ariana,3,2.0,4.0,120.0,3
165000.0,Ariana Ville,Ariana,3,1.0,4.0,110.0,1
270000.0,Ariana Ville,Ariana,2,2.0,3.0,85.0,2
220000.0,La Soukra,Ariana,1,1.0,2.0,75.0,1
220000.0,Raoued,Ariana,5,2.0,4.0,144.0,2
250000.0,Manar,Ariana,2,1.0,3.0,85.0,1
370000.0,Ghazela,Ariana,3,2.0,4.0,160.0,3
270000.0,Menzah,Ariana,2,2.0,3.0,124.5,2
340000.0,La Soukra,Ariana,2,1.0,3.0,100.0,1
128000.0,Borj Louzir,Ariana,2,1.0,2.0,80.0,3
550000.0,Chotrana,Ariana,3,3.0,4.0,175.0,1
210000.0,La Soukra,Ariana,1,1.0,2.0,52.0,1
620000.0,Chotrana,Ariana,4,3.0,5.0,220.0,1
320000.0,Jardins D'el Menzah,Ariana,2,1.0,3.0,90.0,1
192000.0,Menzah,Ariana,1,1.0,2.0,60.0,1
160000.0,Ariana Ville,Ariana,2,1.0,3.0,62.0,4
355000.0,Ennasr,Ariana,2,1.0,3.0,136.0,1
400000.0,La Soukra,Ariana,3,2.0,4.0,170.0,1
190000.0,Raoued,Ariana,2,1.0,3.0,105.0,2
490000.0,Raoued,Ariana,2,2.0,3.0,154.0,1
448000.0,Borj Louzir,Ariana,3,2.0,7.0,163.0,1
250000.0,La Soukra,Ariana,2,1.0,3.0,110.0,1
425000.0,La Soukra,Ariana,2,1.0,3.0,116.0,1
250000.0,Borj Louzir,Ariana,3,1.0,4.0,134.0,1
660000.0,La Soukra,Ariana,3,1.0,3.0,188.0,1
410000.0,La Soukra,Ariana,2,1.0,3.0,90.0,1
124999.0,Raoued,Ariana,2,1.0,3.0,80.0,3
590000.0,La Soukra,Ariana,3,1.0,4.0,185.0,1
115000.0,Ariana Ville,Ariana,3,1.0,4.0,75.0,1
130000.0,Raoued,Ariana,2,1.0,3.0,70.0,2
369000.0,La Soukra,Ariana,3,1.0,4.0,150.0,1
150000.0,Ghazela,Ariana,3,1.0,3.0,120.0,3
240000.0,Chotrana,Ariana,3,1.0,3.0,110.0,1
260000.0,Ghazela,Ariana,3,2.0,4.0,134.0,5
180000.0,La Soukra,Ariana,2,1.0,2.0,100.0,2
190000.0,Raoued,Ariana,2,1.0,3.0,90.0,1
250000.0,La Soukra,Ariana,2,1.0,3.0,89.0,4
500000.0,Chotrana,Ariana,3,2.0,4.0,160.0,1
380000.0,La Soukra,Ariana,1,1.0,2.0,150.0,1
180000.0,Ariana Ville,Ariana,3,2.0,3.0,110.0,1
320000.0,La Soukra,Ariana,3,1.0,4.0,153.0,2
378000.0,La Soukra,Ariana,2,1.0,3.0,160.0,1
500000.0,La Soukra,Ariana,3,2.0,4.0,170.0,1
170000.0,Borj Louzir,Ariana,4,1.0,5.0,108.0,1
400000.0,Menzah,Ariana,3,1.0,5.0,110.0,1
400000.0,Menzah,Ariana,3,1.0,3.0,110.0,1
275000.0,Ennasr,Ariana,2,1.0,3.0,98.0,6
140000.0,Raoued,Ariana,2,1.0,3.0,70.0,1
620000.0,Raoued,Ariana,5,3.0,6.0,300.0,1
125000.0,Raoued,Ariana,2,1.0,3.0,70.0,1
185000.0,La Soukra,Ariana,2,1.0,3.0,90.0,1
190000.0,Menzah,Ariana,2,1.0,3.0,77.0,3
145800.0,La Soukra,Ariana,2,1.0,3.0,73.0,2
234000.0,Ennasr,Ariana,2,1.0,3.0,100.0,3
250000.0,Ghazela,Ariana,3,1.0,4.0,126.0,2
461000.0,Ghazela,Ariana,3,1.0,4.0,149.0,1
280000.0,Raoued,Ariana,2,1.0,3.0,120.0,1
95000.0,Raoued,Ariana,2,1.0,3.0,63.0,1
190000.0,Borj Louzir,Ariana,2,1.0,3.0,96.0,1
230000.0,Menzah,Ariana,1,1.0,2.0,60.0,1
325000.0,Menzah,Ariana,3,1.0,4.0,180.0,2
320000.0,La Soukra,Ariana,3,1.0,4.0,100.0,1
249000.0,Ariana Ville,Ariana,2,1.0,3.0,80.0,2
660000.0,La Soukra,Ariana,3,2.0,4.0,189.0,1
225000.0,La Soukra,Ariana,1,1.0,2.0,77.0,1
140000.0,Borj Louzir,Ariana,2,1.0,3.0,96.0,4
135000.0,Raoued,Ariana,2,1.0,3.0,75.0,1
380000.0,Ariana Ville,Ariana,3,1.0,3.0,150.0,-3
560000.0,Ennasr,Ariana,4,1.0,5.0,201.0,1
138000.0,Ariana Ville,Ariana,3,1.0,4.0,105.0,4
245000.0,Raoued,Ariana,3,1.0,4.0,135.0,2
230000.0,Ennasr,Ariana,3,2.0,5.0,81.0,1
165000.0,Raoued,Ariana,2,1.0,3.0,70.0,1
230000.0,Ennasr,Ariana,3,2.0,4.0,59.0,1
430000.0,Raoued,Ariana,3,1.0,4.0,154.0,5
180000.0,Ariana Ville,Ariana,1,1.0,1.0,64.0,1
450000.0,Jardins D'el Menzah,Ariana,3,2.0,4.0,200.0,1
230000.0,La Soukra,Ariana,2,1.0,3.0,90.0,1
415000.0,Ennasr,Ariana,4,1.0,5.0,130.0,1
225000.0,Ariana Ville,Ariana,3,2.0,6.0,125.0,4
320000.0,Ariana Ville,Ariana,2,1.0,3.0,115.0,1
195000.0,Borj Louzir,Ariana,3,1.0,4.0,100.0,1
320000.0,Ariana Ville,Ariana,2,1.0,3.0,296.0,1
320000.0,Ariana Ville,Ariana,3,1.0,4.0,185.0,2
360000.0,La Soukra,Ariana,3,1.0,4.0,140.0,1
195000.0,Raoued,Ariana,1,1.0,2.0,76.0,1
290000.0,Raoued,Ariana,1,1.0,2.0,68.0,1
330000.0,Raoued,Ariana,3,1.0,4.0,144.0,4
390000.0,Jardins D'el Menzah,Ariana,3,1.0,4.0,173.4,1
98000.0,Ariana Ville,Ariana,3,1.0,3.0,85.0,1
130000.0,La Soukra,Ariana,1,1.0,2.0,1.0,1
390000.0,Chotrana,Ariana,2,1.0,3.0,153.0,1
250000.0,Chotrana,Ariana,3,2.0,4.0,124.0,1
210000.0,La Soukra,Ariana,2,1.0,3.0,95.0,1
190000.0,Ennasr,Ariana,1,1.0,2.0,46.0,1
270000.0,La Soukra,Ariana,3,1.0,4.0,110.0,1
300000.0,Ariana Ville,Ariana,2,1.0,2.0,114.0,5
135000.0,Raoued,Ariana,2,1.0,3.0,160.0,2
175000.0,Ariana Ville,Ariana,3,1.0,2.0,80.0,1
270000.0,Ariana Ville,Ariana,2,1.0,3.0,77.0,1
175000.0,Ariana Ville,Ariana,2,1.0,3.0,80.0,1
245000.0,La Soukra,Ariana,3,2.0,3.0,130.0,3
381000.0,Chotrana,Ariana,3,1.0,3.0,123.0,1
100000.0,Ariana Ville,Ariana,4,1.0,4.0,200.0,1
310000.0,Ariana Ville,Ariana,3,1.0,4.0,130.0,3
270000.0,La Soukra,Ariana,3,2.0,4.0,130.0,1
280000.0,Ariana Ville,Ariana,3,1.0,4.0,120.0,1
650000.0,La Soukra,Ariana,3,2.0,4.0,182.0,1
115000.0,Borj Louzir,Ariana,2,1.0,2.0,58.0,1
165000.0,Ariana Ville,Ariana,1,1.0,1.0,46.0,1
380000.0,Menzah,Ariana,2,2.0,4.0,117.0,5
230000.0,Menzah,Ariana,2,1.0,2.0,100.0,1
550000.0,Ennasr,Ariana,3,2.0,4.0,120.0,1
340000.0,La Soukra,Ariana,4,1.0,4.0,155.0,2
106000.0,La Soukra,Ariana,3,1.0,3.0,110.0,2
327000.0,Ghazela,Ariana,2,2.0,3.0,117.0,1
200000.0,Ariana Ville,Ariana,1,1.0,1.0,58.0,2
575000.0,Ennasr,Ariana,3,1.0,4.0,143.0,3
650000.0,Ariana Ville,Ariana,4,2.0,5.0,275.0,3
444000.0,Ennasr,Ariana,3,2.0,5.0,310.0,1
320000.0,Ennasr,Ariana,3,2.0,5.0,310.0,1
520000.0,La Soukra,Ariana,3,1.0,3.0,155.0,2
870000.0,Ennasr,Ariana,3,2.0,5.0,310.0,1
395000.0,Ariana Ville,Ariana,3,1.0,3.0,167.0,2
65000.0,Ariana Ville,Ariana,2,1.0,6.0,65.0,3
475000.0,Ennasr,Ariana,2,2.0,3.0,147.0,1
210000.0,Ariana Ville,Ariana,1,1.0,1.0,62.0,2
270000.0,Ariana Ville,Ariana,3,1.0,4.0,130.4,1
165000.0,Borj Louzir,Ariana,3,1.0,4.0,105.6,4
120000.0,Borj Louzir,Ariana,2,1.0,3.0,70.0,1
210000.0,Ariana Ville,Ariana,1,1.0,1.0,96.0,4
300000.0,Ennasr,Ariana,3,1.0,3.0,100.0,1
170000.0,La Soukra,Ariana,1,1.0,2.0,60.0,1
250000.0,La Soukra,Ariana,2,1.0,3.0,75.0,1
54500.0,Ariana Ville,Ariana,3,3.0,4.0,176.0,1
280000.0,Ariana Ville,Ariana,1,2.0,2.0,48.0,4
640000.0,La Soukra,Ariana,3,1.0,4.0,166.0,1
380000.0,La Soukra,Ariana,4,2.0,5.0,160.0,6
320000.0,Ennasr,Ariana,3,1.0,3.0,118.0,3
180000.0,Chotrana,Ariana,3,2.0,5.0,138.0,1
275000.0,Ariana Ville,Ariana,3,2.0,3.0,120.0,1
713600.0,Ennasr,Ariana,5,3.0,5.0,223.0,1
400000.0,Ennasr,Ariana,2,1.0,3.0,132.0,3
330000.0,Ennasr,Ariana,2,1.0,3.0,120.0,4
430000.0,Ariana Ville,Ariana,3,2.0,3.0,154.0,5
380000.0,Ennasr,Ariana,2,1.0,3.0,132.0,3
420000.0,La Soukra,Ariana,3,1.0,5.0,138.0,1
350000.0,Ennasr,Ariana,2,1.0,3.0,96.0,3
630000.0,La Soukra,Ariana,3,1.0,3.0,198.0,1
557000.0,La Soukra,Ariana,3,1.0,3.0,174.0,3
180000.0,Ariana Ville,Ariana,1,1.0,2.0,55.0,8
260000.0,Manar,Ariana,3,1.0,4.0,81.0,1
265000.0,La Soukra,Ariana,2,1.0,3.0,130.0,2
400000.0,Raoued,Ariana,2,1.0,3.0,148.0,6
750000.0,La Soukra,Ariana,3,3.0,4.0,316.0,1
185000.0,La Soukra,Ariana,2,1.0,3.0,100.0,2
450000.0,La Soukra,Ariana,2,1.0,3.0,125.0,2
450000.0,La Soukra,Ariana,2,1.0,3.0,120.0,2
370000.0,Raoued,Ariana,3,1.0,4.0,140.0,2
450000.0,Ariana Ville,Ariana,4,2.0,5.0,200.0,1
110000.0,Ariana Ville,Ariana,3,1.0,5.0,100.0,1
210000.0,La Soukra,Ariana,2,1.0,2.0,100.0,1
650000.0,La Soukra,Ariana,3,1.0,3.0,156.0,1
270000.0,Mnihla,Ariana,3,1.0,4.0,145.0,1
510000.0,La Soukra,Ariana,3,1.0,6.0,159.0,5
350000.0,Menzah,Ariana,3,1.0,4.0,140.0,1
450000.0,Ariana Ville,Ariana,4,2.0,5.0,155.0,1
330000.0,La Soukra,Ariana,3,1.0,4.0,120.0,2
245000.0,Ariana Ville,Ariana,2,1.0,3.0,100.0,1
430000.0,La Soukra,Ariana,2,1.0,3.0,140.0,1
190000.0,Menzah,Ariana,3,1.0,7.0,100.0,4
319000.0,La Soukra,Ariana,1,1.0,1.0,68.0,1
550000.0,La Soukra,Ariana,3,1.0,3.0,123.0,1
350000.0,La Soukra,Ariana,2,1.0,2.0,124.0,1
200000.0,Ariana Ville,Ariana,1,1.0,1.0,67.0,1
170000.0,Ariana Ville,Ariana,1,1.0,1.0,45.0,4
510000.0,Ariana Ville,Ariana,4,2.0,5.0,179.0,1
690000.0,Ariana Ville,Ariana,3,1.0,3.0,350.0,4
250000.0,Ariana Ville,Ariana,3,1.0,3.0,122.0,1
299000.0,Ennasr,Ariana,1,1.0,2.0,100.0,8
330000.0,Mnihla,Ariana,2,1.0,2.0,114.0,2
330000.0,Ariana Ville,Ariana,2,1.0,2.0,129.0,3
540000.0,La Soukra,Ariana,3,2.0,4.0,147.0,1
285000.0,Ghazela,Ariana,2,1.0,3.0,114.0,4
670000.0,La Soukra,Ariana,3,3.0,3.0,160.0,1
250000.0,Borj Louzir,Ariana,3,1.0,5.0,124.0,3
188000.0,Ariana Ville,Ariana,1,1.0,1.0,69.0,4
245000.0,Raoued,Ariana,2,1.0,2.0,105.0,1
254400.0,La Soukra,Ariana,1,1.0,2.0,62.0,1
290000.0,Ariana Ville,Ariana,1,1.0,1.0,89.0,2
230000.0,La Soukra,Ariana,1,1.0,3.0,68.0,2
365000.0,Jardins D'el Menzah,Ariana,3,1.0,4.0,157.0,1
261000.0,Raoued,Ariana,1,1.0,2.0,75.0,1
135000.0,La Soukra,Ariana,2,1.0,3.0,90.0,1
335000.0,La Soukra,Ariana,3,2.0,4.0,140.0,1
320000.0,Ennasr,Ariana,3,1.0,4.0,135.0,1
370000.0,La Soukra,Ariana,3,2.0,4.0,119.0,1
235000.0,La Soukra,Ariana,1,1.0,1.0,78.0,3
125000.0,Borj Louzir,Ariana,2,1.0,3.0,81.2,2
175000.0,Ennasr,Ariana,1,1.0,1.0,74.0,3
390000.0,La Soukra,Ariana,3,1.0,4.0,142.0,6
120000.0,Ghazela,Ariana,3,2.0,4.0,140.0,1
130000.0,Jardins D'el Menzah,Ariana,3,2.0,4.0,140.0,1
270000.0,Ennasr,Ariana,2,1.0,3.0,100.0,4
230000.0,Menzah,Ariana,2,1.0,3.0,100.0,1
275000.0,Ennasr,Ariana,3,2.0,4.0,142.0,6
259000.0,Ennasr,Ariana,1,1.0,2.0,81.0,1
430000.0,La Soukra,Ariana,3,2.0,4.0,170.0,1
105000.0,Borj Louzir,Ariana,2,1.0,6.0,61.0,1
265000.0,La Soukra,Ariana,4,1.0,4.0,135.0,1
200000.0,La Soukra,Ariana,3,1.0,4.0,130.0,2
180000.0,Jardins D'el Menzah,Ariana,1,1.0,2.0,73.0,2
220000.0,Menzah,Ariana,2,1.0,3.0,101.0,1
150000.0,Ariana Ville,Ariana,3,2.0,4.0,108.0,1
260000.0,Ennasr,Ariana,3,2.0,3.0,155.0,2
200000.0,Ennasr,Ariana,4,2.0,5.0,150.0,1
335000.0,Ghazela,Ariana,3,1.0,4.0,168.0,1
290000.0,Jardins D'el Menzah,Ariana,3,2.0,4.0,124.0,3
750000.0,Raoued,Ariana,3,1.0,4.0,192.0,1
350000.0,Jardins D'el Menzah,Ariana,3,2.0,4.0,120.0,1
200000.0,Ariana Ville,Ariana,2,1.0,3.0,89.0,1
400000.0,Ennasr,Ariana,2,2.0,3.0,132.0,1
310000.0,Ghazela,Ariana,3,2.0,4.0,128.0,1
400000.0,Menzah,Ariana,3,3.0,4.0,141.0,4
175000.0,Ariana Ville,Ariana,3,1.0,4.0,128.0,1
270000.0,Jardins D'el Menzah,Ariana,3,1.0,4.0,147.0,1
365000.0,Ennasr,Ariana,3,2.0,4.0,136.0,5
190000.0,Jardins D'el Menzah,Ariana,1,1.0,2.0,100.0,4
255000.0,Jardins D'el Menzah,Ariana,2,1.0,3.0,104.0,1
425000.0,Ennasr,Ariana,3,1.0,4.0,145.0,1
290000.0,La Soukra,Ariana,2,1.0,3.0,120.0,1
554000.0,La Soukra,Ariana,4,2.0,9.0,355.0,1
290000.0,Ennasr,Ariana,2,2.0,5.0,105.0,1
125000.0,Ennasr,Ariana,1,1.0,1.0,47.0,1
180000.0,Borj Louzir,Ariana,2,1.0,3.0,100.0,5
470000.0,Ennasr,Ariana,3,2.0,6.0,170.0,1
590000.0,La Soukra,Ariana,3,3.0,3.0,175.0,1
70000.0,Jardins D'el Menzah,Ariana,1,1.0,2.0,65.0,1
250000.0,Borj Louzir,Ariana,3,1.0,7.0,103.0,2
472000.0,Ennasr,Ariana,3,2.0,5.0,148.0,1
353000.0,Ennasr,Ariana,3,2.0,5.0,150.0,1
295000.0,Manar,Ariana,2,2.0,3.0,69.0,1
310000.0,Ennasr,Ariana,2,2.0,5.0,125.0,1
728000.0,La Soukra,Ariana,4,3.0,5.0,200.0,1
160000.0,Ghazela,Ariana,3,1.0,4.0,113.6,1
460000.0,La Soukra,Ariana,2,2.0,3.0,128.6,1
340000.0,Kalaât El Andalous,Ariana,3,2.0,3.0,124.0,1
370000.0,Ennasr,Ariana,3,2.0,7.0,149.0,3
260000.0,Borj Louzir,Ariana,2,2.0,3.0,120.0,1
145000.0,Raoued,Ariana,3,1.0,3.0,70.0,3
85000.0,Ennasr,Ariana,1,1.0,2.0,65.0,4
290000.0,Ariana Ville,Ariana,2,1.0,4.0,125.0,1
240000.0,Menzah,Ariana,2,2.0,2.0,80.0,1
269000.0,Ennasr,Ariana,2,2.0,3.0,107.0,1
285000.0,Menzah,Ariana,3,2.0,3.0,120.0,3
230000.0,Ariana Ville,Ariana,3,2.0,3.0,108.0,1
255000.0,Ennasr,Ariana,2,1.0,3.0,110.0,1
230000.0,Raoued,Ariana,2,3.0,3.0,85.2,3
150000.0,Ariana Ville,Ariana,1,1.0,1.0,58.6,1
259000.0,Raoued,Ariana,2,1.0,3.0,104.0,1
210000.0,La Soukra,Ariana,1,1.0,2.0,70.0,2
216000.0,Borj Louzir,Ariana,2,1.0,3.0,126.0,1
290000.0,Manar,Ariana,3,2.0,4.0,110.0,1
570000.0,La Soukra,Ariana,2,2.0,3.0,164.0,1
250000.0,Manar,Ariana,2,1.0,3.0,85.0,1
445000.0,La Soukra,Ariana,2,2.0,3.0,120.0,1
640000.0,La Soukra,Ariana,3,2.0,3.0,155.0,1
135000.0,Ennasr,Ariana,1,1.0,2.0,35.0,4
405000.0,Ariana Ville,Ariana,3,2.0,4.0,180.0,6
360000.0,Ariana Ville,Ariana,3,2.0,4.0,167.0,1
130000.0,La Soukra,Ariana,3,1.0,3.0,80.0,1
350000.0,La Soukra,Ariana,3,2.0,4.0,140.0,1
300000.0,Ariana Ville,Ariana,4,1.0,4.0,90.0,2
229000.0,Jardins D'el Menzah,Ariana,2,1.0,3.0,86.0,1
320000.0,Ennasr,Ariana,2,2.0,3.0,96.0,1
200000.0,La Soukra,Ariana,2,1.0,3.0,90.0,4
250000.0,Ennasr,Ariana,2,1.0,3.0,100.0,1
320000.0,Ariana Ville,Ariana,3,2.0,4.0,95.0,1
319000.0,Ennasr,Ariana,3,2.0,5.0,148.0,1
270000.0,Ennasr,Ariana,2,2.0,3.0,108.0,2
370000.0,La Soukra,Ariana,3,1.0,5.0,165.0,2
185000.0,Ennasr,Ariana,1,1.0,2.0,66.0,1
350000.0,Ennasr,Ariana,2,3.0,5.0,136.0,1
420000.0,Ariana Ville,Ariana,3,3.0,4.0,180.0,2
145000.0,Ariana Ville,Ariana,2,1.0,3.0,100.0,4
291000.0,Ennasr,Ariana,3,2.0,5.0,100.0,1
399000.0,Ennasr,Ariana,3,2.0,5.0,148.0,1
225000.0,Ennasr,Ariana,2,1.0,3.0,79.0,1
348000.0,Ennasr,Ariana,3,2.0,5.0,124.0,1
429000.0,Ennasr,Ariana,4,2.0,5.0,152.0,3
319000.0,Ennasr,Ariana,2,2.0,5.0,125.0,1
575000.0,Ennasr,Ariana,3,2.0,4.0,260.0,3
125000.0,Ghazela,Ariana,1,1.0,1.0,71.0,1
220000.0,Ghazela,Ariana,2,1.0,3.0,89.0,1
370000.0,Ennasr,Ariana,4,3.0,5.0,155.0,1
455000.0,Menzah,Ariana,3,1.0,4.0,173.0,1
207000.0,Borj Louzir,Ariana,2,1.0,3.0,126.0,1
460000.0,Ennasr,Ariana,3,2.0,4.0,125.0,1
32500.0,Borj Louzir,Ariana,2,1.0,3.0,200.0,1
285000.0,Menzah,Ariana,3,2.0,4.0,125.0,3
295000.0,La Soukra,Ariana,2,1.0,3.0,108.0,1
250000.0,Menzah,Ariana,1,1.0,2.0,72.03,4
460000.0,La Soukra,Ariana,2,2.0,3.0,128.0,1
180000.0,Ennasr,Ariana,1,1.0,2.0,49.0,2
320000.0,Ghazela,Ariana,3,1.0,4.0,130.0,3
177000.0,La Soukra,Ariana,1,1.0,2.0,68.0,1
220000.0,Ghazela,Ariana,2,1.0,3.0,89.0,2
178000.0,Ennasr,Ariana,2,1.0,2.0,63.0,6
95000.0,Borj Louzir,Ariana,2,1.0,3.0,70.0,4
340000.0,Ennasr,Ariana,3,2.0,4.0,100.0,1
140000.0,Raoued,Ariana,3,1.0,4.0,94.4,1
460000.0,Menzah,Ariana,3,1.0,4.0,120.0,1
160000.0,Menzah,Ariana,2,1.0,2.0,70.0,6
177000.0,La Soukra,Ariana,1,1.0,2.0,67.0,1
644000.0,Chotrana,Ariana,3,2.0,4.0,228.0,1
280000.0,La Soukra,Ariana,3,2.0,4.0,140.0,2
800000.0,Ennasr,Ariana,3,2.0,4.0,430.0,6
65000.0,Raoued,Ariana,3,1.0,4.0,110.0,2
325000.0,Ennasr,Ariana,3,2.0,4.0,128.0,5
120000.0,Ariana Ville,Ariana,2,1.0,3.0,100.0,1
310000.0,Ariana Ville,Ariana,3,2.0,7.0,180.0,1
270000.0,La Soukra,Ariana,2,1.0,3.0,100.0,5
150000.0,Manar,Ariana,3,2.0,4.0,90.0,1
255000.0,Ariana Ville,Ariana,4,2.0,5.0,145.0,2
95000.0,Raoued,Ariana,1,1.0,2.0,66.0,1
85000.0,Ariana Ville,Ariana,3,2.0,6.0,120.0,2
200000.0,La Soukra,Ariana,1,1.0,2.0,90.0,2
262000.0,Raoued,Ariana,2,1.0,2.0,75.0,1
311000.0,Ghazela,Ariana,2,1.0,3.0,117.0,1
345000.0,La Soukra,Ariana,2,1.0,2.0,89.0,2
430000.0,Ariana Ville,Ariana,4,2.0,4.0,142.0,1
155000.0,Borj Louzir,Ariana,1,1.0,1.0,84.0,1
120000.0,Chotrana,Ariana,2,2.0,2.0,90.0,1
235000.0,La Soukra,Ariana,1,1.0,2.0,78.0,1
670000.0,Chotrana,Ariana,3,1.0,4.0,237.0,1
234500.0,Chotrana,Ariana,1,2.0,1.0,70.0,1
195000.0,La Soukra,Ariana,2,1.0,3.0,117.0,3
327000.0,La Soukra,Ariana,2,1.0,2.0,109.0,1
430000.0,La Soukra,Ariana,2,1.0,5.0,126.0,1
480000.0,Jardins D'el Menzah,Ariana,3,1.0,4.0,180.0,1
250000.0,Menzah,Ariana,3,1.0,4.0,109.0,1
350000.0,Ghazela,Ariana,2,2.0,3.0,110.0,2
330000.0,Raoued,Ariana,3,2.0,5.0,136.0,5
325000.0,Raoued,Ariana,3,2.0,5.0,136.0,5
195000.0,Ariana Ville,Ariana,3,2.0,4.0,111.0,1
240000.0,Raoued,Ariana,3,1.0,4.0,134.0,5
200000.0,Borj Louzir,Ariana,3,1.0,4.0,103.0,1
430000.0,Menzah,Ariana,3,1.0,4.0,155.2,1
169000.0,La Soukra,Ariana,2,1.0,3.0,110.0,3
195000.0,La Soukra,Ariana,2,1.0,3.0,80.0,6
265000.0,Ghazela,Ariana,4,3.0,5.0,189.0,1
330000.0,Ennasr,Ariana,3,2.0,4.0,150.0,1
420256.0,Chotrana,Ariana,2,2.0,3.0,170.0,1
225000.0,Ennasr,Ariana,3,1.0,5.0,80.0,1
360000.0,La Soukra,Ariana,3,2.0,4.0,164.0,2
333500.0,Chotrana,Ariana,2,1.0,2.0,115.0,1
415000.0,Ennasr,Ariana,4,3.0,3.0,212.0,4
470000.0,Ennasr,Ariana,3,2.0,5.0,170.0,1
323300.0,Ghazela,Ariana,2,1.0,2.0,122.0,2
165000.0,Raoued,Ariana,1,1.0,2.0,88.0,1
385000.0,Jardins D'el Menzah,Ariana,3,2.0,4.0,135.0,1
175000.0,Raoued,Ariana,2,1.0,3.0,75.0,1
630000.0,Chotrana,Ariana,3,1.0,3.0,230.0,1
560000.0,Chotrana,Ariana,3,1.0,3.0,185.0,1
511000.0,La Soukra,Ariana,2,1.0,3.0,217.0,1
190000.0,Ennasr,Ariana,1,1.0,2.0,67.0,1
140000.0,Borj Louzir,Ariana,2,1.0,2.0,90.0,1
285000.0,La Soukra,Ariana,2,2.0,3.0,147.0,2
360000.0,Ariana Ville,Ariana,3,2.0,4.0,170.0,1
527000.0,La Soukra,Ariana,3,2.0,4.0,140.0,1
440000.0,La Soukra,Ariana,3,2.0,4.0,162.99,1
170000.0,Raoued,Ariana,3,1.0,4.0,110000.0,1
350000.0,La Soukra,Ariana,2,2.0,3.0,124.0,1
399000.0,Ennasr,Ariana,3,2.0,5.0,148.0,1
330000.0,Raoued,Ariana,3,2.0,5.0,136.0,5
200000.0,Borj Louzir,Ariana,3,1.0,7.0,120.0,1
364000.0,La Soukra,Ariana,2,1.0,2.0,127.0,1
200000.0,Ennasr,Ariana,1,1.0,2.0,69.0,1
185000.0,Ariana Ville,Ariana,3,1.0,5.0,95.0,1
150000.0,Borj Louzir,Ariana,3,1.0,3.0,90.0,3
185000.0,Ariana Ville,Ariana,1,1.0,2.0,92.0,1
175000.0,Ennasr,Ariana,2,1.0,3.0,73.0,4
165000.0,Borj Louzir,Ariana,3,2.0,5.0,96.0,1
540000.0,La Soukra,Ariana,3,1.0,4.0,170.0,1
327000.0,La Soukra,Ariana,2,1.0,2.0,109.0,1
426000.0,Ghazela,Ariana,5,2.0,7.0,182.0,1
266925.0,Borj Louzir,Ariana,2,1.0,2.0,134.0,1
155000.0,Borj Louzir,Ariana,1,1.0,1.0,84.0,1
250000.0,Manar,Ariana,3,2.0,4.0,140.0,2
310000.0,Ennasr,Ariana,1,1.0,1.0,98.0,1
210000.0,Ariana Ville,Ariana,1,1.0,2.0,68.0,1
270000.0,Raoued,Ariana,3,2.0,4.0,120.0,4
265230.0,Borj Louzir,Ariana,3,1.0,3.0,143.0,3
234500.0,La Soukra,Ariana,1,1.0,2.0,70.0,1
150000.0,Menzah,Ariana,1,1.0,1.0,26.0,1
275000.0,Ennasr,Ariana,3,2.0,4.0,142.0,6
436750.0,La Soukra,Ariana,3,2.0,4.0,202.0,1
220000.0,Ennasr,Ariana,2,1.0,3.0,80.0,1
370000.0,Ennasr,Ariana,4,3.0,5.0,129.0,9
360000.0,Ghazela,Ariana,3,2.0,4.0,140.0,1
370000.0,Ghazela,Ariana,2,1.0,3.0,113.0,1
140000.0,Borj Louzir,Ariana,2,1.0,3.0,85.0,4
420000.0,La Soukra,Ariana,2,1.0,3.0,125.0,1
450000.0,La Soukra,Ariana,3,2.0,4.0,103.0,5
300000.0,Ennasr,Ariana,2,1.0,3.0,111.0,3
235000.0,Raoued,Ariana,4,1.0,5.0,145.0,2
210000.0,La Soukra,Ariana,2,1.0,2.0,75.0,1
365000.0,Jardins D'el Menzah,Ariana,3,2.0,4.0,157.0,1
365000.0,La Soukra,Ariana,4,2.0,5.0,176.0,1
339000.0,Ennasr,Ariana,3,1.0,4.0,156.0,6
530000.0,Menzah,Ariana,4,2.0,5.0,167.4,1
400000.0,Ennasr,Ariana,3,2.0,4.0,187.0,1
400000.0,La Soukra,Ariana,3,2.0,4.0,160.2,1
120000.0,La Soukra,Ariana,2,1.0,5.0,90.0,1
290000.0,Ennasr,Ariana,3,1.0,5.0,151.0,4
110000.0,La Soukra,Ariana,2,1.0,2.0,60.0,1
138000.0,Borj Louzir,Ariana,2,1.0,5.0,85.0,1
250000.0,Ennasr,Ariana,2,1.0,3.0,138.0,1
185000.0,Ennasr,Ariana,2,1.0,3.0,75.0,1
319000.0,Ennasr,Ariana,2,2.0,4.0,120.0,1
319000.0,Ennasr,Ariana,2,2.0,5.0,120.0,1
250000.0,Ghazela,Ariana,2,1.0,4.0,120.0,4
140000.0,Chotrana,Ariana,2,1.0,3.0,80.0,1
250000.0,Ariana Ville,Ariana,3,1.0,4.0,135.0,1
410000.0,La Soukra,Ariana,3,3.0,4.0,149.0,1
330000.0,Ennasr,Ariana,3,2.0,4.0,142.2,3
200000.0,La Soukra,Ariana,2,1.0,3.0,97.0,1
130000.0,La Soukra,Ariana,3,2.0,3.0,303.0,1
135000.0,Ghazela,Ariana,1,1.0,2.0,65.0,3
225000.0,Menzah,Ariana,2,1.0,3.0,92.0,1
170000.0,Ennasr,Ariana,1,1.0,2.0,70.0,1
360000.0,La Soukra,Ariana,3,2.0,4.0,158.0,2
200000.0,Menzah,Ariana,1,1.0,2.0,58.0,1
319000.0,Ennasr,Ariana,2,2.0,4.0,120.0,1
590000.0,Ennasr,Ariana,4,2.0,5.0,232.0,1
230000.0,Ghazela,Ariana,2,1.0,5.0,108.4,1
330000.0,Ennasr,Ariana,3,1.0,4.0,140.0,1
340000.0,Ariana Ville,Ariana,4,2.0,5.0,140.0,1
125000.0,Manar,Ariana,3,1.0,4.0,86.4,1
298000.0,Chotrana,Ariana,2,2.0,2.0,116.0,1
1315800.0,Chotrana,Ariana,4,2.0,6.0,480.0,1
150000.0,Ennasr,Ariana,1,1.0,2.0,70.0,6
258750.0,Menzah,Ariana,2,1.0,3.0,100.0,3
135000.0,Ghazela,Ariana,3,1.0,3.0,80.0,2
190000.0,Ennasr,Ariana,1,1.0,1.0,60.0,1
155000.0,Menzah,Ariana,1,1.0,2.0,70.0,1
476612.0,Ennasr,Ariana,3,3.0,4.0,174.0,3
169260.0,Chotrana,Ariana,1,1.0,2.0,65.1,1
354480.0,Chotrana,Ariana,3,3.0,4.0,145.0,1
184000.0,Ghazela,Ariana,2,2.0,2.0,112.0,1
220000.0,La Soukra,Ariana,1,1.0,1.0,78.0,1
405000.0,Chotrana,Ariana,3,1.0,3.0,163.0,1
279520.0,La Soukra,Ariana,3,2.0,6.0,118.1,1
350000.0,Chotrana,Ariana,2,2.0,2.0,87.174,1
215000.0,Borj Louzir,Ariana,5,3.0,5.0,103.0,1
185000.0,Raoued,Ariana,2,1.0,3.0,112.0,1
320000.0,Raoued,Ariana,2,1.0,2.0,85.0,1
120000.0,La Soukra,Ariana,2,2.0,2.0,2.0,1
140000.0,Ettadhamen,Ariana,3,1.0,4.0,121.0,1
240000.0,La Soukra,Ariana,2,1.0,3.0,111.0,1
255000.0,La Soukra,Ariana,2,2.0,6.0,123.0,2
300000.0,Jardins D'el Menzah,Ariana,2,1.0,3.0,85.0,1
270000.0,La Soukra,Ariana,3,1.0,3.0,90.0,1
452000.0,Ennasr,Ariana,4,1.0,4.0,167.0,1
395000.0,Chotrana,Ariana,3,2.0,4.0,137.2,1
240000.0,Menzah,Ariana,3,1.0,4.0,120.0,3
90000.0,Borj Louzir,Ariana,3,1.0,4.0,75.0,3
200000.0,Ghazela,Ariana,3,1.0,4.0,145.0,6
310000.0,Ennasr,Ariana,2,1.0,3.0,118.0,3
126000.0,Raoued,Ariana,2,1.0,3.0,80.0,1
150000.0,Raoued,Ariana,4,1.0,4.0,111.0,1
170000.0,Borj Louzir,Ariana,3,1.0,3.0,120.0,1
215000.0,Borj Louzir,Ariana,4,1.0,5.0,143.0,2
300000.0,Ennasr,Ariana,2,2.0,3.0,126.0,1
360000.0,La Soukra,Ariana,2,2.0,3.0,131.0,2
220000.0,Ariana Ville,Ariana,2,1.0,3.0,102.0,4
260000.0,Ennasr,Ariana,2,1.0,3.0,85.0,1
325000.0,Kalaât El Andalous,Ariana,3,2.0,6.0,110.0,4
140000.0,Ennasr,Ariana,1,1.0,2.0,50.0,1
440000.0,La Soukra,Ariana,3,3.0,4.0,152.0,1
319000.0,Ennasr,Ariana,2,2.0,4.0,120.0,1
175000.0,Menzah,Ariana,1,1.0,1.0,70.0,1
249000.0,Raoued,Ariana,4,2.0,5.0,112.0,2
215000.0,Ariana Ville,Ariana,3,2.0,4.0,83.0,3
165000.0,Raoued,Ariana,3,2.0,4.0,96.0,2
420000.0,Ennasr,Ariana,3,3.0,3.0,162.0,3
380000.0,La Soukra,Ariana,3,1.0,4.0,135.0,1
145000.0,Ennasr,Ariana,1,1.0,2.0,75.0,1
190000.0,La Soukra,Ariana,2,1.0,2.0,98.0,1
300000.0,La Soukra,Ariana,3,2.0,3.0,105.0,1
185000.0,Borj Louzir,Ariana,3,2.0,4.0,125.0,2
220000.0,Ennasr,Ariana,2,1.0,3.0,120.0,1
155000.0,Menzah,Ariana,2,1.0,3.0,90.0,1
270000.0,Menzah,Ariana,2,1.0,3.0,120.0,1
275000.0,Menzah,Ariana,2,1.0,3.0,115.0,1
329000.0,Menzah,Ariana,3,1.0,4.0,139.0,1
155000.0,Ennasr,Ariana,2,1.0,3.0,75.0,1
280000.0,Ennasr,Ariana,3,1.0,3.0,130.0,1
310000.0,La Soukra,Ariana,4,1.0,4.0,151.0,1
250000.0,La Soukra,Ariana,2,2.0,3.0,117.0,1
235000.0,Ennasr,Ariana,2,1.0,3.0,70.0,1
250000.0,Ennasr,Ariana,2,1.0,3.0,90.0,1
230000.0,Ennasr,Ariana,2,1.0,3.0,100.0,1
175000.0,Mnihla,Ariana,1,1.0,2.0,68.0,5
350000.0,Ennasr,Ariana,3,2.0,5.0,156.0,2
270000.0,Ennasr,Ariana,2,2.0,3.0,100.0,4
350000.0,Menzah,Ariana,3,2.0,5.0,135.0,1
290000.0,Ennasr,Ariana,1,1.0,3.0,65.0,1
310000.0,Ennasr,Ariana,2,1.0,4.0,125.0,1
319000.0,Ennasr,Ariana,2,2.0,4.0,120.0,1
175000.0,Ennasr,Ariana,1,1.0,3.0,65.0,1
310000.0,Ennasr,Ariana,2,2.0,5.0,125.0,1
138000.0,Chotrana,Ariana,4,1.0,4.0,98.0,1
290000.0,Ennasr,Ariana,2,1.0,3.0,105.0,1
310000.0,Ariana Ville,Ariana,3,1.0,4.0,115.0,1
310000.0,Ennasr,Ariana,2,2.0,4.0,115.0,1
155000.0,La Soukra,Ariana,4,1.0,4.0,104.4,1
100000.0,La Soukra,Ariana,2,1.0,5.0,115.0,1
230000.0,Ennasr,Ariana,2,1.0,3.0,100.0,1
235000.0,Ennasr,Ariana,2,1.0,3.0,100.0,1
235000.0,Ennasr,Ariana,2,1.0,3.0,70.0,1
215000.0,La Soukra,Ariana,1,1.0,2.0,80.0,1
175000.0,La Soukra,Ariana,1,1.0,3.0,70.0,1
380000.0,Ennasr,Ariana,3,1.0,5.0,157.0,2
210000.0,Menzah,Ariana,1,1.0,2.0,60.0,1
270000.0,Menzah,Ariana,2,1.0,3.0,120.0,1
220000.0,Jardins D'el Menzah,Ariana,2,1.0,3.0,100.0,1
399000.0,Ennasr,Ariana,3,2.0,5.0,148.0,1
585000.0,Menzah,Ariana,4,3.0,7.0,190.0,2
319000.0,Ennasr,Ariana,2,2.0,5.0,120.0,1
399000.0,Ennasr,Ariana,3,2.0,5.0,148.0,1
200000.0,La Soukra,Ariana,1,1.0,2.0,60.0,1
319000.0,Ennasr,Ariana,2,2.0,5.0,120.0,1
80000.0,Ennasr,Ariana,1,1.0,2.0,58.0,1
319000.0,Ennasr,Ariana,3,2.0,5.0,120.0,1
265000.0,Ghazela,Ariana,3,2.0,4.0,152.0,4
129000.0,Ariana Ville,Ariana,2,1.0,2.0,81.0,1
380000.0,Ennasr,Ariana,2,1.0,3.0,140.0,1
325000.0,La Soukra,Ariana,3,2.0,6.0,155.0,1
340000.0,La Soukra,Ariana,3,2.0,4.0,143.0,1
520000.0,La Soukra,Ariana,3,1.0,4.0,119.0,1
283000.0,Ghazela,Ariana,2,1.0,5.0,283.0,1
504000.0,Ennasr,Ariana,4,2.0,6.0,214.0,1
64000.0,La Soukra,Ariana,1,1.0,1.0,40.0,1
460000.0,La Soukra,Ariana,3,1.0,5.0,152.0,1
205000.0,La Soukra,Ariana,2,1.0,5.0,83.91,1
330000.0,Ariana Ville,Ariana,4,1.0,5.0,150.0,2
504000.0,Ennasr,Ariana,2,2.0,7.0,179.0,1
80000.0,Menzah,Ariana,1,1.0,2.0,70.0,2
268000.0,La Soukra,Ariana,2,1.0,3.0,100.0,1
350000.0,La Soukra,Ariana,3,2.0,4.0,135.0,1
130000.0,Ghazela,Ariana,2,1.0,3.0,78.0,2
310000.0,La Soukra,Ariana,3,1.0,4.0,135.0,1
55000.0,La Soukra,Ariana,2,1.0,2.0,50.0,1
600000.0,Ennasr,Ariana,3,2.0,5.0,203.0,1
165000.0,Borj Louzir,Ariana,3,1.0,4.0,90.0,1
285000.0,Ennasr,Ariana,2,2.0,5.0,115.0,1
320000.0,Jardins D'el Menzah,Ariana,2,1.0,3.0,139.0,6
120000.0,La Soukra,Ariana,2,1.0,3.0,75.0,2
175000.0,Ennasr,Ariana,1,1.0,3.0,65.0,1
500000.0,Ariana Ville,Ariana,4,2.0,5.0,155.0,4
175000.0,Ennasr,Ariana,1,1.0,2.0,64.0,1
399000.0,Ennasr,Ariana,3,2.0,5.0,148.0,1
348000.0,Ennasr,Ariana,3,2.0,4.0,134.0,1
150000.0,Ennasr,Ariana,1,1.0,1.0,80.0,6
148000.0,Ennasr,Ariana,1,1.0,1.0,53.0,1
520000.0,La Soukra,Ariana,3,2.0,4.0,165.0,2
400000.0,La Soukra,Ariana,3,3.0,4.0,178.0,2
490000.0,Jardins D'el Menzah,Ariana,5,3.0,6.0,250.0,4
380000.0,Ghazela,Ariana,3,3.0,4.0,274.0,5
210000.0,La Soukra,Ariana,1,1.0,2.0,73.0,2
225000.0,La Soukra,Ariana,2,1.0,3.0,104.0,2
396000.0,Chotrana,Ariana,3,3.0,3.0,272.0,2
455000.0,Chotrana,Ariana,3,3.0,3.0,170.0,2
140000.0,La Soukra,Ariana,2,2.0,3.0,91.8,1
100000.0,Ghazela,Ariana,3,2.0,4.0,110.0,1
298000.0,Chotrana,Ariana,2,2.0,2.0,107.0,2
245000.0,Ennasr,Ariana,2,1.0,3.0,120.0,3
350000.0,Ghazela,Ariana,5,2.0,6.0,195.0,6
210000.0,Jardins D'el Menzah,Ariana,2,1.0,2.0,73.0,3
280000.0,Menzah,Ariana,3,2.0,5.0,120.0,10
140000.0,Ariana Ville,Ariana,3,1.0,4.0,109.0,1
250000.0,La Soukra,Ariana,1,1.0,2.0,95.0,1
230000.0,Ariana Ville,Ariana,3,1.0,4.0,112.0,1
155000.0,Ariana Ville,Ariana,3,1.0,4.0,110.0,1
180000.0,Ghazela,Ariana,2,1.0,3.0,95.0,1
350000.0,La Soukra,Ariana,3,3.0,4.0,156.0,2
120000.0,Raoued,Ariana,3,1.0,4.0,100.0,1
100000.0,Ghazela,Ariana,1,1.0,2.0,30.0,6
82000.0,Manar,Ariana,2,1.0,2.0,38.0,1
160000.0,Jardins D'el Menzah,Ariana,2,1.0,3.0,70.0,5
120000.0,Ariana Ville,Ariana,3,1.0,4.0,120.0,3
153000.0,Ariana Ville,Ariana,3,1.0,4.0,130.0,1
98000.0,Ariana Ville,Ariana,2,1.0,3.0,65.0,1
135000.0,Ariana Ville,Ariana,3,1.0,4.0,97.0,1
140000.0,Ariana Ville,Ariana,3,1.0,4.0,95.0,1
145000.0,Ariana Ville,Ariana,3,1.0,4.0,97.0,1
130000.0,Ariana Ville,Ariana,3,1.0,4.0,75.0,1
180000.0,Ariana Ville,Ariana,3,1.0,4.0,95.0,1
160000.0,Ariana Ville,Ariana,3,1.0,4.0,100.0,1
165000.0,Ariana Ville,Ariana,3,1.0,4.0,100.0,1
160000.0,Ariana Ville,Ariana,3,1.0,4.0,94.0,1
160000.0,Ariana Ville,Ariana,3,1.0,4.0,100.0,1
235000.0,Ariana Ville,Ariana,3,1.0,4.0,147.0,1
250000.0,La Soukra,Ariana,5,1.0,5.0,130.0,2
210000.0,Menzah,Ariana,3,2.0,5.0,103.0,5
309000.0,Ariana Ville,Ariana,2,1.0,2.0,119.0,2
270000.0,Ennasr,Ariana,3,1.0,4.0,133.0,2
235000.0,Manar,Ariana,3,2.0,4.0,110.0,1
230000.0,Menzah,Ariana,3,3.0,4.0,153.0,7
95000.0,Borj Louzir,Ariana,3,2.0,6.0,70.0,2
385000.0,Jardins D'el Menzah,Ariana,5,2.0,6.0,205.0,5
190000.0,Ghazela,Ariana,2,2.0,3.0,110.0,1
260000.0,La Soukra,Ariana,2,2.0,3.0,130.0,1
390000.0,Menzah,Ariana,4,1.0,6.0,111.0,3
360000.0,Ennasr,Ariana,4,2.0,5.0,163.0,7
100000.0,Jardins D'el Menzah,Ariana,2,1.0,5.0,100.0,1
105000.0,Manar,Ariana,3,2.0,4.0,127.0,2
650000.0,Menzah,Ariana,4,3.0,7.0,190.0,2
130000.0,Ariana Ville,Ariana,3,1.0,4.0,75.0,1
165000.0,Borj Louzir,Ariana,3,1.0,4.0,100.0,1
120000.0,Mnihla,Ariana,2,1.0,3.0,75.0,1
350000.0,Ennasr,Ariana,3,1.0,4.0,137.0,1
160000.0,Borj Louzir,Ariana,3,1.0,4.0,100.0,1
98000.0,Ariana Ville,Ariana,2,1.0,3.0,65.0,1
305000.0,Ennasr,Ariana,3,1.0,4.0,170.0,1
98000.0,Ariana Ville,Ariana,2,1.0,3.0,65.0,1
160000.0,Borj Louzir,Ariana,3,1.0,4.0,94.0,1
135000.0,Ariana Ville,Ariana,3,1.0,4.0,97.0,1
471240.0,La Soukra,Ariana,3,1.0,4.0,132.0,1
155000.0,Ariana Ville,Ariana,3,1.0,4.0,110.0,1
180000.0,Ghazela,Ariana,2,1.0,3.0,95.0,1
160000.0,Ghazela,Ariana,3,1.0,4.0,100.0,1
250000.0,Ariana Ville,Ariana,3,1.0,4.0,88.0,1
235000.0,La Soukra,Ariana,2,1.0,3.0,112.0,1
255000.0,Ariana Ville,Ariana,2,1.0,3.0,106.0,1
225000.0,Ghazela,Ariana,3,1.0,3.0,145.0,1
330000.0,La Soukra,Ariana,2,1.0,3.0,132.0,1
276000.0,La Soukra,Ariana,3,1.0,4.0,163.0,1
130000.0,Ariana Ville,Ariana,3,1.0,4.0,75.0,1
250000.0,La Soukra,Ariana,2,1.0,3.0,120.0,1
230000.0,Ariana Ville,Ariana,3,1.0,4.0,159.0,1
140000.0,La Soukra,Ariana,2,1.0,3.0,109.0,1
176000.0,Ariana Ville,Ariana,2,1.0,2.0,71.0,1
140000.0,Ariana Ville,Ariana,2,1.0,3.0,109.0,1
180000.0,Ghazela,Ariana,2,1.0,3.0,95.0,1
230000.0,Ariana Ville,Ariana,3,1.0,4.0,159.0,1
225000.0,Ghazela,Ariana,3,1.0,4.0,145.0,1
135000.0,Ariana Ville,Ariana,3,1.0,4.0,97.0,1
85000.0,Borj Louzir,Ariana,2,1.0,3.0,70.0,4
99000.0,Borj Louzir,Ariana,2,1.0,5.0,120.8,1
170000.0,Borj Louzir,Ariana,3,1.0,4.0,100.0,1
120000.0,Raoued,Ariana,3,1.0,4.0,90.0,1
400000.0,La Soukra,Ariana,3,1.0,7.0,157.0,1
215000.0,Menzah,Ariana,3,1.0,5.0,100.0,1
185000.0,La Soukra,Ariana,2,1.0,2.0,66.5,1
275000.0,Ennasr,Ariana,3,1.0,4.0,131.0,1
240000.0,La Soukra,Ariana,3,1.0,3.0,120.0,2
260000.0,Ariana Ville,Ariana,3,1.0,6.0,130.0,1
170000.0,Ariana Ville,Ariana,4,1.0,6.0,120.0,1
550000.0,Ennasr,Ariana,5,3.0,6.0,180.0,1
137900.0,Raoued,Ariana,2,1.0,3.0,111.0,2
220000.0,Ariana Ville,Ariana,4,1.0,6.0,145.0,3
800000.0,Ennasr,Ariana,5,2.0,6.0,207.0,1
240000.0,Ennasr,Ariana,4,1.0,5.0,253.0,1
230000.0,Ghazela,Ariana,3,1.0,4.0,164.0,1
200000.0,Ghazela,Ariana,3,2.0,4.0,127.0,1
186000.0,La Soukra,Ariana,2,1.0,3.0,77.0,1
377000.0,Chotrana,Ariana,3,1.0,4.0,156.0,1
115500.0,La Soukra,Ariana,2,1.0,3.0,70.0,1
320000.0,La Soukra,Ariana,3,1.0,4.0,170.0,1
320000.0,Ariana Ville,Ariana,3,1.0,4.0,170.0,1
360000.0,La Soukra,Ariana,3,1.0,4.0,165.0,1
98000.0,Ariana Ville,Ariana,2,1.0,3.0,65.0,1
215000.0,La Soukra,Ariana,2,1.0,3.0,100.0,1
195000.0,La Soukra,Ariana,2,1.0,3.0,77.0,1
340000.0,Menzah,Ariana,3,2.0,4.0,152.0,1
140000.0,Ennasr,Ariana,1,1.0,1.0,59.98,4
430000.0,Ennasr,Ariana,4,2.0,7.0,198.0,1
517000.0,Ennasr,Ariana,4,2.0,7.0,225.0,5
139000.0,Ariana Ville,Ariana,3,1.0,3.0,115.0,3
345000.0,Ennasr,Ariana,2,2.0,3.0,126.0,7
269000.0,Ariana Ville,Ariana,2,1.0,3.0,105.0,1
140000.0,Ghazela,Ariana,2,1.0,3.0,90.0,1
260000.0,Ariana Ville,Ariana,3,1.0,6.0,130.0,1
170000.0,Borj Louzir,Ariana,3,1.0,4.0,100.0,5
120000.0,La Soukra,Ariana,2,1.0,3.0,85.0,1
220000.0,Menzah,Ariana,2,1.0,3.0,100.0,1
300000.0,Ennasr,Ariana,3,1.0,5.0,137.0,7
268000.0,Ennasr,Ariana,2,1.0,3.0,103.0,3
315000.0,La Soukra,Ariana,3,2.0,3.0,126.0,3
290000.0,Borj Louzir,Ariana,3,1.0,4.0,135.0,1
290000.0,Ariana Ville,Ariana,3,2.0,4.0,110.0,1
485000.0,Ennasr,Ariana,4,2.0,5.0,165.0,1
90000.0,Borj Louzir,Ariana,2,1.0,3.0,70.0,4
140000.0,La Soukra,Ariana,1,1.0,1.0,62.0,1
270000.0,La Soukra,Ariana,3,2.0,3.0,120.0,1
220000.0,Chotrana,Ariana,6,3.0,6.0,75.0,1
124000.0,Borj Louzir,Ariana,2,1.0,3.0,87.0,2
283000.0,La Soukra,Ariana,3,1.0,4.0,149.0,2
430000.0,La Soukra,Ariana,2,2.0,2.0,54.0,1
140000.0,La Soukra,Ariana,6,3.0,6.0,60.0,1
270000.0,La Soukra,Ariana,2,1.0,2.0,93.0,2
105000.0,La Soukra,Ariana,1,1.0,1.0,70.0,1
250000.0,La Soukra,Ariana,3,1.0,6.0,125.0,1
377000.0,La Soukra,Ariana,3,2.0,3.0,156.2,1
180000.0,Ariana Ville,Ariana,3,1.0,3.0,130.0,1
110000.0,Borj Louzir,Ariana,3,1.0,4.0,120.0,1
240000.0,Menzah,Ariana,2,1.0,6.0,73.0,1
230000.0,Ariana Ville,Ariana,2,1.0,6.0,115.0,4
485000.0,La Soukra,Ariana,4,1.0,4.0,164.0,3
165000.0,La Soukra,Ariana,3,1.0,3.0,100.0,2
360000.0,La Soukra,Ariana,3,1.0,3.0,151.0,3
280000.0,La Soukra,Ariana,3,1.0,3.0,140.0,2
102000.0,La Soukra,Ariana,2,1.0,2.0,62.0,3
348000.0,La Soukra,Ariana,4,1.0,4.0,145.0,3
385000.0,Ennasr,Ariana,4,1.0,4.0,160.0,3
132000.0,La Soukra,Ariana,2,1.0,2.0,100.0,2
360000.0,Ennasr,Ariana,3,1.0,3.0,126.0,2
330000.0,Menzah,Ariana,4,1.0,4.0,161.0,3
370000.0,Ennasr,Ariana,3,1.0,3.0,131.0,2
148000.0,Ennasr,Ariana,2,1.0,2.0,52.0,2
130000.0,Borj Louzir,Ariana,2,1.0,4.0,98.2,1
430000.0,Jardins D'el Menzah,Ariana,3,1.0,3.0,90.0,1
450000.0,Ariana Ville,Ariana,4,2.0,5.0,120.0,1
135000.0,Menzah,Ariana,1,1.0,2.0,67.0,1
225000.0,Ariana Ville,Ariana,4,1.0,4.0,90.0,2
70000.0,Borj Louzir,Ariana,3,1.0,4.0,145.0,1
130000.0,Raoued,Ariana,2,1.0,3.0,70.0,2
245000.0,La Soukra,Ariana,2,1.0,2.0,76.0,1
170000.0,Menzah,Ariana,2,1.0,3.0,90.0,1
260000.0,La Soukra,Ariana,3,1.0,4.0,180.0,2
210000.0,La Soukra,Ariana,2,1.0,2.0,70.0,1
285000.0,Ariana Ville,Ariana,3,1.0,6.0,117.0,3
155000.0,Manar,Ariana,2,1.0,4.0,100.0,1
180000.0,La Soukra,Ariana,3,2.0,4.0,119.0,2
170000.0,Manar,Ariana,2,1.0,3.0,95.0,2
2500000.0,La Soukra,Ariana,6,2.0,8.0,3000.0,1
290000.0,Ariana Ville,Ariana,3,1.0,4.0,156.0,1
210000.0,Raoued,Ariana,3,1.0,4.0,111.0,1
125000.0,Ariana Ville,Ariana,3,1.0,6.0,120.0,4
160000.0,Borj Louzir,Ariana,3,1.0,4.0,90.0,1
130000.0,Raoued,Ariana,3,1.0,3.0,113.0,3
596000.0,Ennasr,Ariana,5,3.0,8.0,275.0,1
300000.0,Jardins D'el Menzah,Ariana,3,2.0,4.0,132.6,2
620000.0,Ennasr,Ariana,5,3.0,8.0,275.0,2
90000.0,Manar,Ariana,4,2.0,5.0,150.0,2
180000.0,Ariana Ville,Ariana,2,1.0,3.0,99.4,1
145000.0,Borj Louzir,Ariana,4,1.0,5.0,110.0,1
365000.0,Ennasr,Ariana,4,2.0,6.0,160.0,1
125000.0,La Soukra,Ariana,2,1.0,4.0,82.0,4
330000.0,Ennasr,Ariana,3,2.0,4.0,175.0,1
270000.0,Borj Louzir,Ariana,3,2.0,4.0,140.0,2
268000.0,La Soukra,Ariana,2,1.0,3.0,108.0,1
110000.0,Ghazela,Ariana,3,1.0,4.0,91.0,1
367000.0,La Soukra,Ariana,3,2.0,4.0,150.0,1
450000.0,Jardins D'el Menzah,Ariana,4,3.0,6.0,200.0,1
330000.0,La Soukra,Ariana,2,1.0,3.0,145.0,1
230000.0,La Soukra,Ariana,2,1.0,3.0,91.0,1
100000.0,Ariana Ville,Ariana,2,1.0,2.0,70.0,1
300000.0,Raoued,Ariana,2,1.0,3.0,109.6,1
280000.0,La Soukra,Ariana,3,2.0,4.0,125.0,1
270000.0,La Soukra,Ariana,3,2.0,4.0,135.0,2
195000.0,Borj Louzir,Ariana,3,1.0,4.0,110.0,2
295000.0,Ennasr,Ariana,3,2.0,4.0,140.0,6
80000.0,Ettadhamen,Ariana,2,1.0,3.0,86.0,2
261188.0,Raoued,Ariana,1,1.0,2.0,75.0,6
370000.0,Ennasr,Ariana,2,2.0,6.0,129.0,7
472000.0,Ennasr,Ariana,3,3.0,6.0,179.0,7
270000.0,Borj Louzir,Ariana,3,2.0,4.0,135.0,2
270000.0,La Soukra,Ariana,3,1.0,4.0,110.0,1
619000.0,Ennasr,Ariana,4,3.0,6.0,203.75,7
350000.0,Menzah,Ariana,2,1.0,3.0,190.0,1
105000.0,Borj Louzir,Ariana,3,1.0,3.0,88.0,3
657497.0,Raoued,Ariana,4,1.0,4.0,186.2,6
300000.0,Jardins D'el Menzah,Ariana,3,1.0,4.0,122.4,2
205000.0,Ariana Ville,Ariana,3,1.0,3.0,90.0,1
190000.0,Kalaât El Andalous,Ariana,2,1.0,3.0,100.0,1
160000.0,Menzah,Ariana,3,1.0,4.0,120.0,4
255000.0,Ghazela,Ariana,4,1.0,4.0,149.0,1
275000.0,La Soukra,Ariana,3,1.0,4.0,110.0,1
270000.0,Ennasr,Ariana,3,1.0,4.0,130.0,1
220000.0,La Soukra,Ariana,1,1.0,2.0,67.0,1
213000.0,La Soukra,Ariana,3,2.0,4.0,134.0,1
75000.0,Borj Louzir,Ariana,2,1.0,3.0,60.0,1
95000.0,Raoued,Ariana,3,1.0,3.0,75.0,1
110000.0,Ghazela,Ariana,2,1.0,4.0,91.0,2
100000.0,Borj Louzir,Ariana,3,1.0,5.0,76.0,3
125000.0,Borj Louzir,Ariana,3,1.0,4.0,75.0,1
200000.0,Borj Louzir,Ariana,2,2.0,3.0,100.0,1
300000.0,Ennasr,Ariana,3,1.0,4.0,173.0,1
125000.0,Borj Louzir,Ariana,3,1.0,4.0,75.0,1
270000.0,Borj Louzir,Ariana,3,2.0,4.0,135.0,2
550000.0,Mnihla,Ariana,3,1.0,4.0,120.0,1
208000.0,La Soukra,Ariana,2,1.0,3.0,106.0,1
316000.0,La Soukra,Ariana,2,1.0,2.0,121.0,2
210000.0,Jardins D'el Menzah,Ariana,2,1.0,3.0,110.0,1
270000.0,Borj Louzir,Ariana,3,2.0,4.0,135.0,2
130000.0,Ariana Ville,Ariana,1,1.0,2.0,65.0,1
90000.0,Ariana Ville,Ariana,2,1.0,3.0,80.0,1
125000.0,Raoued,Ariana,3,1.0,4.0,100.0,1
105000.0,La Soukra,Ariana,2,1.0,2.0,75.0,1
190000.0,Ennasr,Ariana,1,1.0,2.0,60.0,2
340000.0,Ennasr,Ariana,3,2.0,4.0,165.0,1
70000.0,Ennasr,Ariana,2,1.0,2.0,68.0,2
130000.0,Ghazela,Ariana,2,1.0,3.0,86.0,1
850000.0,Ennasr,Ariana,4,2.0,7.0,301.0,1
850000.0,Ariana Ville,Ariana,4,2.0,7.0,302.0,4
170000.0,La Soukra,Ariana,2,1.0,3.0,76.0,1
95000.0,Mnihla,Ariana,2,1.0,3.0,80.0,1
183000.0,Ghazela,Ariana,3,1.0,4.0,136.0,1
165000.0,La Soukra,Ariana,2,1.0,2.0,63.0,1
85000.0,Borj Louzir,Ariana,2,1.0,2.0,78.0,4
135521.0,Raoued,Ariana,2,1.0,3.0,111.0,2
450000.0,La Soukra,Ariana,3,2.0,4.0,200.0,4
148000.0,Ariana Ville,Ariana,2,1.0,3.0,104.0,1
520000.0,Chotrana,Ariana,3,3.0,4.0,230.0,2
298000.0,Manar,Ariana,2,2.0,3.0,113.0,1
400000.0,La Soukra,Ariana,3,2.0,4.0,125.0,1
445000.0,Menzah,Ariana,3,2.0,5.0,197.0,3
102000.0,Raoued,Ariana,2,1.0,3.0,73.0,1
165000.0,Menzah,Ariana,4,1.0,4.0,100.0,3
1300000.0,Mnihla,Ariana,3,1.0,3.0,135.0,1
1250000.0,La Marsa,Tunis,3,1.0,4.0,178.0,1
584000.0,La Marsa,Tunis,2,1.0,3.0,139.0,1
304000.0,Cité El Khadra,Tunis,3,1.0,4.0,160.0,2
315000.0,Cité Olympique,Tunis,3,2.0,4.0,120.0,4
285000.0,La Marsa,Tunis,2,1.0,2.0,116.0,5
1300000.0,La Marsa,Tunis,2,1.0,2.0,196.0,1
170000.0,Centre Ville - Lafayette,Tunis,2,1.0,3.0,70.0,1
700000.0,Aïn Zaghouan,Tunis,3,2.0,4.0,173.0,3
100000.0,El Ouardia,Tunis,3,1.0,3.0,75.0,3
432000.0,Centre Urbain Nord,Tunis,4,2.0,4.0,104.0,1
155000.0,El Ouardia,Tunis,3,1.0,3.0,109.0,1
105000.0,Le Kram,Tunis,1,1.0,2.0,65.0,1
500000.0,Aïn Zaghouan,Tunis,2,1.0,3.0,200.0,1
185000.0,L'aouina,Tunis,2,1.0,3.0,71.0,1
290000.0,L'aouina,Tunis,3,1.0,4.0,138.0,1
385000.0,Jardin De Carthage,Tunis,2,1.0,3.0,90.0,1
300000.0,L'aouina,Tunis,2,1.0,3.0,121.0,3
740000.0,Jardin De Carthage,Tunis,3,2.0,4.0,215.0,5
680000.0,La Marsa,Tunis,3,2.0,4.0,203.8,1
895000.0,Jardin De Carthage,Tunis,4,2.0,5.0,256.0,3
150000.0,Cité El Khadra,Tunis,2,1.0,3.0,85.0,3
317000.0,L'aouina,Tunis,2,1.0,3.0,110.0,3
810000.0,La Marsa,Tunis,2,1.0,3.0,90.0,1
374000.0,La Marsa,Tunis,3,2.0,4.0,140.0,2
200000.0,Sidi El Béchir,Tunis,3,1.0,3.0,90.0,3
1350000.0,La Marsa,Tunis,2,2.0,3.0,268.0,1
280000.0,Sidi El Béchir,Tunis,2,2.0,3.0,202.0,1
395000.0,La Marsa,Tunis,2,1.0,3.0,60.0,2
690000.0,La Marsa,Tunis,3,1.0,4.0,156.0,1
420000.0,Cité Olympique,Tunis,3,2.0,4.0,116.0,3
480000.0,L'aouina,Tunis,4,2.0,5.0,190.0,6
650000.0,Jardin De Carthage,Tunis,3,2.0,4.0,153.0,1
170000.0,L'aouina,Tunis,1,1.0,2.0,58.0,2
172000.0,L'aouina,Tunis,1,1.0,2.0,58.0,1
220000.0,Aïn Zaghouan,Tunis,1,1.0,1.0,49.0,1
180000.0,L'aouina,Tunis,1,1.0,1.0,60.0,1
339000.0,Aïn Zaghouan,Tunis,1,1.0,2.0,68.0,1
1540000.0,Les Berges Du Lac,Tunis,3,4.0,5.0,289.0,1
190000.0,Carthage,Tunis,2,1.0,2.0,90.0,2
240000.0,Centre Ville - Lafayette,Tunis,3,1.0,4.0,140.0,1
490000.0,Les Berges Du Lac,Tunis,2,1.0,3.0,95.0,2
250000.0,Sidi El Béchir,Tunis,5,2.0,6.0,125.0,3
185000.0,Carthage,Tunis,2,1.0,3.0,125.0,1
370000.0,Mutuelleville,Tunis,4,1.0,4.0,110.0,1
310000.0,La Marsa,Tunis,2,2.0,3.0,150.0,1
170000.0,El Ouardia,Tunis,3,1.0,4.0,180.0,1
560000.0,Jardin De Carthage,Tunis,3,1.0,4.0,158.0,1
270000.0,Centre Ville - Lafayette,Tunis,3,1.0,4.0,74.0,4
470000.0,Aïn Zaghouan,Tunis,3,3.0,4.0,160.0,2
310000.0,Jardin De Carthage,Tunis,1,1.0,2.0,100.0,1
240000.0,Aïn Zaghouan,Tunis,1,1.0,2.0,78.0,1
450000.0,La Marsa,Tunis,3,2.0,4.0,165.0,1
220000.0,Le Bardo,Tunis,2,1.0,3.0,84.0,1
850000.0,La Marsa,Tunis,3,2.0,4.0,186.0,1
420000.0,Jardin De Carthage,Tunis,2,1.0,3.0,100.0,1
550000.0,La Marsa,Tunis,2,2.0,3.0,136.0,1
375000.0,Aïn Zaghouan,Tunis,1,1.0,2.0,83.0,1
420000.0,Les Berges Du Lac,Tunis,2,2.0,3.0,130.0,1
170000.0,L'aouina,Tunis,1,1.0,2.0,120.0,2
580000.0,Carthage,Tunis,3,1.0,4.0,1.0,1
250000.0,Le Bardo,Tunis,2,1.0,3.0,90.0,1
135000.0,Cité El Khadra,Tunis,2,1.0,3.0,65.0,3
400000.0,La Marsa,Tunis,1,1.0,2.0,56.0,1
255000.0,Aïn Zaghouan,Tunis,2,2.0,3.0,123.0,1
285000.0,L'aouina,Tunis,2,1.0,4.0,121.0,1
201700.0,Aïn Zaghouan,Tunis,1,2.0,2.0,63.0,2
210000.0,Aïn Zaghouan,Tunis,2,1.0,3.0,110.0,1
390000.0,Sidi Daoud,Tunis,2,1.0,3.0,110.0,3
250000.0,Sidi El Béchir,Tunis,2,1.0,3.0,80.0,1
85000.0,Le Kram,Tunis,3,3.0,8.0,215.0,9
1600000.0,La Marsa,Tunis,3,4.0,4.0,400.0,1
320000.0,Centre Ville - Lafayette,Tunis,4,2.0,5.0,168.0,1
550000.0,Jardin De Carthage,Tunis,2,2.0,3.0,134.0,7
500000.0,Les Berges Du Lac,Tunis,3,1.0,4.0,120.0,3
170000.0,Cité El Khadra,Tunis,1,1.0,2.0,59.0,3
400000.0,La Marsa,Tunis,3,1.0,4.0,105.0,1
300000.0,L'aouina,Tunis,3,1.0,5.0,113.0,5
790000.0,Jardin De Carthage,Tunis,3,1.0,4.0,177.0,1
550000.0,Aïn Zaghouan,Tunis,3,1.0,4.0,153.0,1
280000.0,La Marsa,Tunis,2,1.0,3.0,117.0,4
140000.0,Le Bardo,Tunis,3,1.0,3.0,60.0,4
875000.0,La Marsa,Tunis,3,1.0,4.0,243.0,2
185000.0,L'aouina,Tunis,1,1.0,2.0,74.0,1
480000.0,Cité El Khadra,Tunis,4,2.0,4.0,375.0,7
115000.0,Sidi El Béchir,Tunis,3,1.0,4.0,80.0,1
270000.0,Sidi Daoud,Tunis,1,1.0,2.0,82.0,1
650000.0,Jardin De Carthage,Tunis,3,3.0,4.0,170.0,3
295000.0,L'aouina,Tunis,2,1.0,2.0,106.0,5
520000.0,Aïn Zaghouan,Tunis,3,1.0,4.0,157.0,3
470000.0,Jardin De Carthage,Tunis,3,1.0,4.0,127.0,10
270000.0,Aïn Zaghouan,Tunis,3,1.0,4.0,112.8,1
270000.0,L'aouina,Tunis,2,2.0,3.0,108.0,1
90000.0,Ezzouhour,Tunis,3,1.0,4.0,93.6,4
150000.0,L'aouina,Tunis,1,1.0,2.0,56.0,4
265000.0,Médina,Tunis,2,1.0,3.0,100.0,4
350000.0,La Marsa,Tunis,3,1.0,3.0,203.0,2
245000.0,L'aouina,Tunis,2,1.0,3.0,118.4,6
209000.0,L'aouina,Tunis,1,1.0,2.0,70.0,1
415000.0,La Marsa,Tunis,3,1.0,3.0,150.0,2
270000.0,Sidi Daoud,Tunis,1,1.0,2.0,65.0,4
215000.0,L'aouina,Tunis,2,1.0,3.0,78.0,4
832000.0,Jardin De Carthage,Tunis,3,1.0,4.0,160.0,2
560000.0,Jardin De Carthage,Tunis,2,1.0,3.0,104.0,1
500000.0,L'aouina,Tunis,3,2.0,2.0,200.0,2
650000.0,Aïn Zaghouan,Tunis,2,1.0,3.0,166.0,3
150000.0,El Omrane supérieur,Tunis,3,1.0,3.0,80.0,3
170000.0,El Ouardia,Tunis,3,2.0,4.0,111.0,1
220000.0,La Goulette,Tunis,1,1.0,2.0,53.0,1
200000.0,La Marsa,Tunis,1,1.0,2.0,90.0,1
240000.0,Centre Ville - Lafayette,Tunis,2,1.0,3.0,94.0,4
720000.0,La Goulette,Tunis,3,3.0,4.0,178.0,3
250000.0,L'aouina,Tunis,2,1.0,3.0,108.0,6
240000.0,L'aouina,Tunis,2,1.0,3.0,109.0,5
350000.0,Carthage,Tunis,3,2.0,4.0,123.0,2
130000.0,Ettahrir,Tunis,3,1.0,3.0,75.0,4
250000.0,La Marsa,Tunis,2,1.0,3.0,115.0,1
180000.0,L'aouina,Tunis,1,1.0,2.0,62.0,1
255000.0,L'aouina,Tunis,2,2.0,3.0,90.0,1
273000.0,L'aouina,Tunis,2,1.0,3.0,100.0,2
290000.0,Cité El Khadra,Tunis,3,1.0,4.0,110.0,1
600000.0,Aïn Zaghouan,Tunis,2,1.0,3.0,124.0,1
170000.0,L'aouina,Tunis,1,1.0,2.0,57.0,1
250000.0,Centre Ville - Lafayette,Tunis,2,1.0,3.0,112.0,2
590000.0,Jardin De Carthage,Tunis,2,1.0,3.0,120.0,1
318000.0,L'aouina,Tunis,2,2.0,3.0,120.0,1
825000.0,Jardin De Carthage,Tunis,3,2.0,4.0,162.0,1
170000.0,L'aouina,Tunis,1,1.0,2.0,60.0,1
150000.0,Aïn Zaghouan,Tunis,1,1.0,2.0,57.2,4
450000.0,L'aouina,Tunis,3,3.0,4.0,190.0,1
250000.0,Centre Ville - Lafayette,Tunis,2,1.0,3.0,112.0,2
200000.0,L'aouina,Tunis,1,1.0,1.0,65.0,1
230000.0,L'aouina,Tunis,1,1.0,2.0,73.0,4
500000.0,Jardin De Carthage,Tunis,2,1.0,3.0,134.0,3
210000.0,La Marsa,Tunis,2,1.0,3.0,85.0,1
100000.0,Mutuelleville,Tunis,1,1.0,1.0,55.8,1
270000.0,El Ouardia,Tunis,3,2.0,7.0,150.0,1
750000.0,Aïn Zaghouan,Tunis,2,1.0,3.0,190.0,8
460000.0,Aïn Zaghouan,Tunis,3,2.0,4.0,160.0,1
200000.0,El Omrane supérieur,Tunis,3,1.0,3.0,80.0,1
290000.0,La Marsa,Tunis,2,2.0,3.0,121.0,7
518000.0,Aïn Zaghouan,Tunis,3,1.0,4.0,153.0,1
1850000.0,Mutuelleville,Tunis,6,4.0,7.0,300.0,1
820000.0,Les Berges Du Lac,Tunis,3,1.0,4.0,175.0,2
230000.0,Centre Ville - Lafayette,Tunis,5,2.0,6.0,128.0,4
500000.0,Aïn Zaghouan,Tunis,3,1.0,4.0,164.0,1
410000.0,L'aouina,Tunis,3,1.0,4.0,140.0,2
400000.0,Gammarth,Tunis,3,1.0,4.0,166.0,1
280000.0,L'aouina,Tunis,3,1.0,4.0,140.0,4
285000.0,L'aouina,Tunis,1,1.0,2.0,105.0,1
170000.0,Sidi El Béchir,Tunis,2,2.0,3.0,100.0,1
290000.0,L'aouina,Tunis,2,1.0,3.0,90.0,1
150000.0,Aïn Zaghouan,Tunis,2,1.0,3.0,100.0,1
327000.0,Gammarth,Tunis,2,1.0,3.0,136.0,2
400000.0,La Marsa,Tunis,2,1.0,3.0,100.0,2
890000.0,La Marsa,Tunis,2,1.0,2.0,335.0,1
370000.0,La Marsa,Tunis,2,1.0,3.0,45.0,2
106000.0,El Ouardia,Tunis,3,1.0,3.0,80.0,1
560000.0,La Marsa,Tunis,2,1.0,3.0,160.0,1
91000.0,La Marsa,Tunis,1,1.0,1.0,60.0,1
390000.0,La Marsa,Tunis,1,1.0,2.0,72.0,1
650000.0,La Marsa,Tunis,2,1.0,3.0,115.0,3
950000.0,La Marsa,Tunis,3,1.0,4.0,200.0,2
350000.0,La Marsa,Tunis,2,1.0,3.0,180.0,-1
258000.0,La Marsa,Tunis,1,1.0,2.0,81.0,1
237000.0,Le Kram,Tunis,2,1.0,3.0,120.0,1
270000.0,Aïn Zaghouan,Tunis,3,1.0,4.0,110.0,7
130000.0,L'aouina,Tunis,2,1.0,3.0,106.0,7
350000.0,Les Berges Du Lac,Tunis,3,1.0,5.0,125.0,3
235000.0,L'aouina,Tunis,2,1.0,3.0,87.12,4
291550.0,La Marsa,Tunis,1,1.0,1.0,83.0,1
215000.0,L'aouina,Tunis,2,1.0,2.0,87.0,1
408646.0,La Marsa,Tunis,2,1.0,2.0,120.0,1
154500.0,Agba,Tunis,2,1.0,4.0,92.0,1
261580.0,La Marsa,Tunis,1,1.0,1.0,62.0,1
350000.0,La Marsa,Tunis,2,1.0,2.0,79.0,1
280000.0,Le Bardo,Tunis,4,2.0,3.0,102.0,2
250000.0,Aïn Zaghouan,Tunis,5,1.0,5.0,120.0,4
770000.0,Les Berges Du Lac,Tunis,4,3.0,5.0,224.0,1
196000.0,Sidi Hassine,Tunis,4,1.0,7.0,124.0,6
513000.0,La Marsa,Tunis,2,1.0,3.0,133.0,1
40000.0,Médina,Tunis,3,1.0,3.0,75.0,3
910000.0,La Marsa,Tunis,3,1.0,4.0,243.0,2
1146000.0,La Marsa,Tunis,2,1.0,3.0,191.0,1
160000.0,Centre Ville - Lafayette,Tunis,2,1.0,3.0,95.0,1
250000.0,La Marsa,Tunis,1,1.0,2.0,72.0,1
350000.0,La Marsa,Tunis,1,1.0,2.0,68.0,1
390000.0,Aïn Zaghouan,Tunis,3,2.0,5.0,109.0,3
315000.0,Aïn Zaghouan,Tunis,3,2.0,5.0,126.6,4
3000000.0,La Marsa,Tunis,4,2.0,6.0,600.0,1
100000.0,Médina,Tunis,4,1.0,4.0,1111.0,1
680000.0,La Marsa,Tunis,2,1.0,3.0,113.0,1
1250000.0,La Marsa,Tunis,3,1.0,4.0,250.0,1
920000.0,La Marsa,Tunis,2,1.0,3.0,152.0,1
460000.0,L'aouina,Tunis,4,1.0,5.0,187.0,2
550000.0,La Marsa,Tunis,2,1.0,2.0,130.0,3
550000.0,Aïn Zaghouan,Tunis,3,1.0,3.0,134.2,1
1200000.0,Les Berges Du Lac,Tunis,4,2.0,4.0,232.0,1
270000.0,La Marsa,Tunis,2,1.0,2.0,96.0,1
230000.0,L'aouina,Tunis,2,1.0,3.0,90.0,3
640000.0,Aïn Zaghouan,Tunis,3,1.0,4.0,165.0,3
140000.0,Centre Ville - Lafayette,Tunis,2,1.0,3.0,65.0,4
200000.0,Sidi El Béchir,Tunis,2,1.0,3.0,113.0,4
200000.0,Cité El Khadra,Tunis,3,1.0,4.0,100.0,2
320000.0,La Marsa,Tunis,2,1.0,3.0,90.0,2
555000.0,Jardin De Carthage,Tunis,3,1.0,4.0,152.0,1
300000.0,La Marsa,Tunis,2,1.0,2.0,90.0,2
145000.0,Sidi El Béchir,Tunis,2,1.0,3.0,82.0,1
120000.0,El Omrane supérieur,Tunis,3,1.0,5.0,100.0,5
390000.0,L'aouina,Tunis,3,2.0,3.0,140.0,5
135000.0,Agba,Tunis,3,1.0,5.0,70.0,1
55000.0,Centre Ville - Lafayette,Tunis,2,1.0,4.0,70.0,1
620000.0,Centre Ville - Lafayette,Tunis,9,1.0,9.0,307.0,4
150000.0,Gammarth,Tunis,2,1.0,2.0,57.44,1
380000.0,Aïn Zaghouan,Tunis,2,1.0,3.0,85.0,1
165000.0,Centre Ville - Lafayette,Tunis,3,1.0,3.0,97.0,1
185000.0,Hraïria,Tunis,4,2.0,4.0,105.0,2
350000.0,Jardin De Carthage,Tunis,1,1.0,2.0,84.87,7
790000.0,La Marsa,Tunis,3,1.0,4.0,207.0,2
220000.0,La Goulette,Tunis,1,1.0,1.0,53.0,1
240000.0,L'aouina,Tunis,2,1.0,4.0,85.0,3
550000.0,Carthage,Tunis,3,2.0,5.0,178.07999999999998,2
140000.0,Sidi Hassine,Tunis,2,1.0,3.0,90.0,1
280000.0,Le Bardo,Tunis,2,1.0,3.0,97.0,4
295000.0,Les Berges Du Lac,Tunis,2,1.0,2.0,73.0,3
710000.0,Aïn Zaghouan,Tunis,2,2.0,3.0,198.0,2
37000.0,El Ouardia,Tunis,5,2.0,6.0,300.0,2
485000.0,Cité El Khadra,Tunis,4,2.0,5.0,165.0,6
800000.0,La Marsa,Tunis,1,1.0,2.0,118.0,1
420000.0,La Marsa,Tunis,3,1.0,4.0,147.0,1
560000.0,L'aouina,Tunis,4,2.0,5.0,200.0,1
340000.0,La Marsa,Tunis,1,1.0,2.0,63.0,1
420000.0,Gammarth,Tunis,3,2.0,4.0,110.0,3
167000.0,La Marsa,Tunis,1,1.0,1.0,52.0,5
420000.0,L'aouina,Tunis,4,3.0,5.0,200.0,2
270000.0,La Marsa,Tunis,1,1.0,2.0,90.0,2
693000.0,La Marsa,Tunis,2,1.0,3.0,242.0,1
440000.0,Jardin De Carthage,Tunis,2,2.0,3.0,115.0,4
275000.0,La Marsa,Tunis,3,2.0,4.0,176.0,1
150000.0,Centre Ville - Lafayette,Tunis,1,1.0,2.0,50.0,2
30000.0,Médina,Tunis,3,1.0,3.0,75.0,3
200000.0,Cité El Khadra,Tunis,3,1.0,4.0,77.0,2
95000.0,La Marsa,Tunis,1,1.0,2.0,50.0,2
120000.0,La Marsa,Tunis,2,1.0,3.0,100.0,1
300000.0,La Goulette,Tunis,2,1.0,2.0,110.0,1
100000.0,La Marsa,Tunis,2,1.0,3.0,100.0,1
90000.0,La Marsa,Tunis,1,1.0,2.0,100.0,1
399000.0,L'aouina,Tunis,2,2.0,3.0,127.0,4
330000.0,Carthage,Tunis,4,1.0,6.0,120.0,1
630000.0,La Marsa,Tunis,4,1.0,4.0,178.0,1
520000.0,L'aouina,Tunis,3,2.0,7.0,200.0,1
450000.0,L'aouina,Tunis,3,1.0,4.0,128.0,1
650000.0,La Marsa,Tunis,4,3.0,5.0,260.0,1
520000.0,Centre Urbain Nord,Tunis,3,2.0,4.0,152.0,1
730000.0,Jardin De Carthage,Tunis,3,2.0,4.0,202.0,1
406000.0,Aïn Zaghouan,Tunis,2,1.0,2.0,117.0,2
330000.0,La Marsa,Tunis,1,1.0,1.0,50.0,8
410000.0,Aïn Zaghouan,Tunis,2,2.0,2.0,117.0,1
850000.0,Jardin De Carthage,Tunis,3,2.0,4.0,174.0,9
360000.0,La Marsa,Tunis,3,1.0,4.0,110.0,2
320000.0,Carthage,Tunis,3,1.0,3.0,130.0,1
189000.0,L'aouina,Tunis,2,1.0,3.0,70.0,4
90000.0,Sidi El Béchir,Tunis,2,1.0,3.0,49.0,2
670000.0,La Marsa,Tunis,2,1.0,3.0,92.0,1
900000.0,La Marsa,Tunis,4,2.0,4.0,203.0,4
180000.0,Sidi Daoud,Tunis,1,1.0,2.0,60.0,1
400000.0,Aïn Zaghouan,Tunis,1,1.0,1.0,163.0,1
160000.0,Centre Ville - Lafayette,Tunis,3,1.0,3.0,64.0,5
290000.0,Centre Ville - Lafayette,Tunis,3,1.0,3.0,93.0,3
650000.0,Le Kram,Tunis,2,1.0,2.0,75.0,1
350000.0,Carthage,Tunis,2,1.0,3.0,98.0,2
360000.0,L'aouina,Tunis,3,1.0,3.0,135.0,1
70000.0,Aïn Zaghouan,Tunis,1,1.0,1.0,50.0,4
1150000.0,Les Berges Du Lac,Tunis,4,3.0,5.0,273.0,1
1450000.0,Les Berges Du Lac,Tunis,3,4.0,5.0,363.0,1
400000.0,Centre Urbain Nord,Tunis,2,1.0,2.0,105.0,2
270000.0,L'aouina,Tunis,3,2.0,6.0,130.0,5
230000.0,La Marsa,Tunis,2,1.0,3.0,65.0,1
425000.0,Jardin De Carthage,Tunis,2,2.0,3.0,137.0,1
900000.0,Gammarth,Tunis,4,4.0,4.0,623.0,1
650000.0,Carthage,Tunis,4,1.0,5.0,238.0,1
103000.0,Cité El Khadra,Tunis,2,1.0,3.0,60.0,1
200000.0,El Omrane supérieur,Tunis,3,1.0,4.0,103.0,1
105000.0,Ezzouhour,Tunis,2,1.0,3.0,80.6,1
300000.0,Les Berges Du Lac,Tunis,3,2.0,4.0,117.67999999999999,1
130000.0,Le Bardo,Tunis,2,1.0,3.0,70.0,1
325000.0,Aïn Zaghouan,Tunis,3,2.0,4.0,115.0,3
1500000.0,Les Berges Du Lac,Tunis,3,3.0,5.0,183.0,4
850000.0,La Marsa,Tunis,2,2.0,3.0,165.0,1
170000.0,Centre Urbain Nord,Tunis,2,1.0,3.0,143.0,1
330000.0,La Marsa,Tunis,1,1.0,2.0,65.0,1
250000.0,La Marsa,Tunis,2,1.0,3.0,115.0,1
250000.0,El Ouardia,Tunis,3,1.0,4.0,174.0,1
190000.0,Centre Ville - Lafayette,Tunis,2,1.0,3.0,96.0,1
565000.0,La Marsa,Tunis,3,1.0,4.0,170.0,1
90000.0,Ezzouhour,Tunis,2,1.0,3.0,80.0,1
170000.0,Le Bardo,Tunis,3,2.0,4.0,85.0,1
360000.0,Le Bardo,Tunis,3,2.0,4.0,115.0,1
400000.0,Cité El Khadra,Tunis,2,1.0,2.0,105.0,3
340000.0,Médina,Tunis,6,2.0,7.0,207.0,2
278000.0,Aïn Zaghouan,Tunis,2,1.0,3.0,103.0,3
535000.0,Jardin De Carthage,Tunis,3,2.0,4.0,160.0,1
200000.0,Les Berges Du Lac,Tunis,2,1.0,3.0,150.0,1
370000.0,Gammarth,Tunis,2,2.0,3.0,110.0,2
165000.0,Sidi El Béchir,Tunis,3,1.0,3.0,60.0,3
415000.0,Cité El Khadra,Tunis,5,2.0,6.0,200.0,3
535000.0,Aïn Zaghouan,Tunis,3,2.0,9.0,164.0,4
240000.0,L'aouina,Tunis,2,1.0,3.0,113.0,2
970000.0,Les Berges Du Lac,Tunis,3,2.0,4.0,242.0,1
390000.0,Agba,Tunis,4,3.0,4.0,280.0,2
600000.0,La Marsa,Tunis,4,2.0,5.0,198.6,1
198000.0,L'aouina,Tunis,1,1.0,2.0,69.0,2
540000.0,Jardin De Carthage,Tunis,3,2.0,4.0,138.0,1
364000.0,Cité El Khadra,Tunis,2,1.0,3.0,107.0,1
240000.0,La Goulette,Tunis,2,1.0,3.0,95.0,1
306000.0,Cité El Khadra,Tunis,2,1.0,3.0,90.0,1
398000.0,Le Kram,Tunis,3,1.0,4.0,120.0,1
410000.0,La Marsa,Tunis,2,1.0,3.0,144.0,2
250000.0,Le Bardo,Tunis,4,2.0,6.0,140.0,1
410000.0,Jardin De Carthage,Tunis,3,1.0,4.0,137.0,2
270000.0,Le Bardo,Tunis,3,2.0,5.0,110.0,1
575000.0,Jardin De Carthage,Tunis,3,2.0,4.0,172.0,1
104000.0,La Marsa,Tunis,1,1.0,1.0,42.0,7
260000.0,Cité El Khadra,Tunis,3,2.0,4.0,120.0,3
598000.0,Jardin De Carthage,Tunis,2,2.0,3.0,136.0,1
325000.0,Jardin De Carthage,Tunis,1,1.0,2.0,69.0,1
326000.0,La Marsa,Tunis,2,2.0,3.0,117.0,1
297000.0,L'aouina,Tunis,3,1.0,3.0,140.0,1
795000.0,Gammarth,Tunis,3,2.0,4.0,170.0,1
1400000.0,Les Berges Du Lac,Tunis,3,4.0,4.0,310.0,1
60000.0,Djebel Jelloud,Tunis,2,1.0,5.0,50.0,2
185000.0,L'aouina,Tunis,2,1.0,3.0,94.0,1
900000.0,Gammarth,Tunis,6,5.0,6.0,623.0,1
849000.0,Jardin De Carthage,Tunis,3,2.0,3.0,193.0,1
220000.0,Ettahrir,Tunis,3,1.0,4.0,100.0,4
3100000.0,Les Berges Du Lac,Tunis,5,5.0,7.0,540.0,1
220000.0,Médina,Tunis,6,1.0,6.0,115.0,1
203000.0,Le Bardo,Tunis,2,1.0,2.0,110.0,2
295000.0,Le Bardo,Tunis,3,1.0,4.0,140.0,1
155000.0,L'aouina,Tunis,2,1.0,2.0,62.0,3
2000000.0,Centre Ville - Lafayette,Tunis,3,1.0,2.0,85.0,1
750000.0,Gammarth,Tunis,3,2.0,3.0,158.0,2
560000.0,Les Berges Du Lac,Tunis,3,2.0,5.0,137.0,6
800000.0,La Marsa,Tunis,3,3.0,5.0,138.0,6
600000.0,Le Kram,Tunis,2,1.0,3.0,90.0,2
220000.0,Le Bardo,Tunis,3,1.0,4.0,110.0,2
410000.0,La Marsa,Tunis,3,2.0,3.0,110.0,1
410000.0,La Marsa,Tunis,3,1.0,4.0,144.0,2
750000.0,Les Berges Du Lac,Tunis,2,1.0,3.0,120.0,3
800000.0,Le Bardo,Tunis,3,3.0,6.0,530.0,3
470000.0,Jardin De Carthage,Tunis,3,2.0,4.0,150.0,7
150000.0,Sidi Bou Said,Tunis,1,1.0,2.0,50.0,1
220000.0,Carthage,Tunis,2,1.0,3.0,80.0,2
160000.0,Centre Ville - Lafayette,Tunis,4,1.0,4.0,120.0,1
2700000.0,Les Berges Du Lac,Tunis,4,3.0,8.0,600.0,1
2400000.0,La Marsa,Tunis,10,5.0,10.0,780.0,3
110000.0,Centre Ville - Lafayette,Tunis,2,1.0,5.0,114.7,1
370000.0,Carthage,Tunis,2,1.0,3.0,100.0,1
750000.0,La Marsa,Tunis,3,1.0,4.0,142.0,2
1200000.0,Les Berges Du Lac,Tunis,3,2.0,5.0,293.0,1
180000.0,L'aouina,Tunis,2,1.0,3.0,105.2,1
150000.0,Centre Ville - Lafayette,Tunis,1,1.0,2.0,50.0,1
520000.0,La Goulette,Tunis,4,3.0,5.0,118.0,2
87000.0,Ettahrir,Tunis,2,1.0,3.0,72.0,1
190000.0,La Marsa,Tunis,1,1.0,2.0,83.0,1
295000.0,L'aouina,Tunis,2,1.0,3.0,110.0,1
165000.0,L'aouina,Tunis,1,1.0,2.0,65.0,1
340000.0,L'aouina,Tunis,3,3.0,4.0,152.0,1
137000.0,Centre Ville - Lafayette,Tunis,2,1.0,3.0,60.0,1
170000.0,Cité El Khadra,Tunis,2,1.0,3.0,95.0,1
340000.0,L'aouina,Tunis,2,1.0,2.0,95.0,3
290000.0,Aïn Zaghouan,Tunis,1,1.0,1.0,64.0,1
252900.0,La Marsa,Tunis,1,1.0,2.0,99.0,2
523000.0,Aïn Zaghouan,Tunis,2,1.0,2.0,122.0,1
404000.0,La Marsa,Tunis,3,3.0,4.0,144.0,3
110000.0,Centre Ville - Lafayette,Tunis,2,1.0,2.0,64.6,1
260000.0,Le Bardo,Tunis,3,2.0,6.0,110.0,6
360000.0,L'aouina,Tunis,3,3.0,4.0,166.0,2
210000.0,Mutuelleville,Tunis,3,1.0,4.0,100.0,3
155000.0,Aïn Zaghouan,Tunis,2,1.0,3.0,74.0,2
215000.0,Aïn Zaghouan,Tunis,1,1.0,2.0,76.0,1
140000.0,Sidi Bou Said,Tunis,1,1.0,2.0,58.0,1
109000.0,El Ouardia,Tunis,3,1.0,4.0,75.0,1
510000.0,Aïn Zaghouan,Tunis,2,2.0,3.0,129.0,3
85000.0,Le Bardo,Tunis,2,1.0,2.0,80.0,3
900000.0,Jardin De Carthage,Tunis,4,3.0,5.0,234.0,1
550000.0,Les Berges Du Lac,Tunis,3,2.0,4.0,180.0,1
142000.0,L'aouina,Tunis,1,1.0,1.0,45.0,3
1050000.0,La Marsa,Tunis,4,2.0,5.0,290.0,1
1050000.0,Les Berges Du Lac,Tunis,4,1.0,5.0,290.0,1
900000.0,Jardin De Carthage,Tunis,4,3.0,5.0,234.0,1
700000.0,La Marsa,Tunis,2,1.0,2.0,120.0,2
460000.0,La Marsa,Tunis,3,2.0,4.0,147.0,6
250000.0,Centre Ville - Lafayette,Tunis,5,1.0,5.0,150.0,3
1400000.0,Jardin De Carthage,Tunis,4,3.0,8.0,300.0,2
950000.0,Les Berges Du Lac,Tunis,4,3.0,6.0,200.0,1
215000.0,L'aouina,Tunis,2,1.0,3.0,104.0,1
165000.0,La Goulette,Tunis,2,1.0,3.0,69.0,1
60000.0,Hraïria,Tunis,3,1.0,3.0,48.0,4
240000.0,Sidi El Béchir,Tunis,6,2.0,6.0,168.0,4
970000.0,Les Berges Du Lac,Tunis,3,2.0,4.0,243.0,1
160000.0,Centre Ville - Lafayette,Tunis,3,1.0,4.0,105.52000000000001,1
470000.0,Jardin De Carthage,Tunis,2,2.0,3.0,127.0,1
300000.0,La Marsa,Tunis,3,2.0,4.0,107.0,1
248000.0,Aïn Zaghouan,Tunis,1,1.0,2.0,80.0,1
275000.0,Aïn Zaghouan,Tunis,1,1.0,2.0,64.0,1
170000.0,El Omrane supérieur,Tunis,3,1.0,4.0,100.0,3
355000.0,Carthage,Tunis,3,2.0,4.0,136.0,5
80000.0,Centre Ville - Lafayette,Tunis,1,1.0,4.0,38.0,1
90000.0,Centre Ville - Lafayette,Tunis,3,1.0,4.0,100.0,1
220000.0,Ettahrir,Tunis,2,1.0,6.0,90.0,1
290000.0,La Marsa,Tunis,3,1.0,4.0,140.0,5
109000.0,El Ouardia,Tunis,3,1.0,4.0,75.0,1
370000.0,El Ouardia,Tunis,1,1.0,2.0,60.0,1
580000.0,La Goulette,Tunis,3,2.0,4.0,102.0,1
100000.0,Gammarth,Tunis,3,2.0,5.0,193.0,3
1950000.0,Jardin De Carthage,Tunis,5,4.0,6.0,353.0,7
530000.0,Aïn Zaghouan,Tunis,4,2.0,5.0,185.0,1
580000.0,La Marsa,Tunis,9,3.0,9.0,200.0,1
240000.0,Aïn Zaghouan,Tunis,2,1.0,3.0,93.0,3
450000.0,Les Berges Du Lac,Tunis,2,1.0,3.0,157.0,4
460000.0,La Marsa,Tunis,2,1.0,3.0,100.0,2
350000.0,Cité El Khadra,Tunis,3,1.0,4.0,110.0,3
280000.0,Le Bardo,Tunis,3,2.0,6.0,110.0,1
45000.0,Sidi Hassine,Tunis,3,1.0,4.0,92.0,1
670000.0,La Marsa,Tunis,2,2.0,3.0,132.0,1
600000.0,Sidi Bou Said,Tunis,3,2.0,4.0,155.0,1
245000.0,Centre Ville - Lafayette,Tunis,4,1.0,4.0,160.0,1
500000.0,Sidi Bou Said,Tunis,1,1.0,2.0,155.0,2
570000.0,Gammarth,Tunis,2,1.0,3.0,168.0,1
160000.0,El Ouardia,Tunis,3,2.0,4.0,111.0,3
250000.0,L'aouina,Tunis,2,1.0,3.0,100.0,1
800000.0,Jardin De Carthage,Tunis,3,1.0,4.0,200.0,1
661000.0,Jardin De Carthage,Tunis,2,1.0,3.0,156.5,1
230000.0,Cité Olympique,Tunis,3,1.0,4.0,105.0,1
550000.0,Jardin De Carthage,Tunis,3,1.0,4.0,170.0,1
850000.0,Jardin De Carthage,Tunis,3,1.0,4.0,189.0,1
850000.0,Jardin De Carthage,Tunis,3,1.0,4.0,184.0,1
570000.0,Jardin De Carthage,Tunis,2,1.0,3.0,122.0,1
460000.0,La Goulette,Tunis,3,1.0,5.0,84.0,4
565000.0,La Goulette,Tunis,3,1.0,4.0,158.0,2
350000.0,Sidi El Béchir,Tunis,4,1.0,5.0,150.0,1
240000.0,Aïn Zaghouan,Tunis,2,1.0,2.0,90.0,1
200000.0,La Marsa,Tunis,2,2.0,4.0,80.0,1
150000.0,Cité El Khadra,Tunis,2,1.0,3.0,80.0,1
255000.0,L'aouina,Tunis,3,1.0,4.0,110.0,1
327600.0,La Marsa,Tunis,3,1.0,3.0,131.0,1
128100.0,La Marsa,Tunis,1,1.0,1.0,49.0,2
290000.0,Aïn Zaghouan,Tunis,1,1.0,1.0,64.0,1
129750.0,La Marsa,Tunis,1,1.0,1.0,49.0,1
255000.0,Aïn Zaghouan,Tunis,2,1.0,3.0,100.0,1
262000.0,La Marsa,Tunis,1,1.0,1.0,75.0,4
330000.0,L'aouina,Tunis,2,1.0,2.0,114.0,3
833000.0,Jardin De Carthage,Tunis,3,1.0,4.0,245.0,1
402000.0,La Marsa,Tunis,2,2.0,3.0,120.0,2
540000.0,Aïn Zaghouan,Tunis,2,1.0,3.0,122.0,1
720000.0,Aïn Zaghouan,Tunis,3,1.0,4.0,170.0,1
120000.0,Sidi El Béchir,Tunis,1,1.0,2.0,65.0,1
230000.0,La Marsa,Tunis,2,2.0,4.0,150.0,1
520000.0,Les Berges Du Lac,Tunis,2,1.0,4.0,95.0,1
510000.0,Cité El Khadra,Tunis,3,2.0,4.0,178.0,2
300000.0,Le Bardo,Tunis,3,1.0,4.0,138.0,3
360000.0,L'aouina,Tunis,3,1.0,4.0,120.0,3
150000.0,Le Kram,Tunis,3,1.0,6.0,111.0,4
220000.0,Cité Olympique,Tunis,2,2.0,3.0,80.0,1
215000.0,Le Kram,Tunis,2,1.0,3.0,110.0,1
210000.0,Le Bardo,Tunis,3,2.0,4.0,110.0,4
390000.0,L'aouina,Tunis,3,1.0,4.0,150.0,1
140000.0,La Marsa,Tunis,1,1.0,2.0,40.0,2
350000.0,La Marsa,Tunis,1,1.0,2.0,80.0,2
4990000.0,La Marsa,Tunis,2,2.0,3.0,180.0,3
300000.0,Aïn Zaghouan,Tunis,3,1.0,4.0,110.0,2
209000.0,L'aouina,Tunis,1,1.0,2.0,70.0,1
230000.0,Aïn Zaghouan,Tunis,2,1.0,3.0,87.0,2
170000.0,L'aouina,Tunis,1,1.0,2.0,53.0,5
385000.0,L'aouina,Tunis,5,2.0,7.0,163.68,1
138000.0,L'aouina,Tunis,1,1.0,1.0,61.976,6
230000.0,L'aouina,Tunis,3,1.0,4.0,117.0,6
275000.0,L'aouina,Tunis,3,2.0,3.0,118.2,2
260000.0,Les Berges Du Lac,Tunis,2,1.0,3.0,90.0,1
615000.0,Jardin De Carthage,Tunis,3,3.0,3.0,221.0,7
136000.0,Aïn Zaghouan,Tunis,1,1.0,1.0,59.9,7
240000.0,Jardin De Carthage,Tunis,1,1.0,1.0,75.0,3
235000.0,L'aouina,Tunis,2,1.0,2.0,72.8,4
260000.0,L'aouina,Tunis,3,2.0,3.0,105.2,1
1255000.0,Les Berges Du Lac,Tunis,3,4.0,5.0,247.0,1
270000.0,La Marsa,Tunis,3,1.0,3.0,12.0,1
74900.0,Le Bardo,Tunis,3,1.0,3.0,76.0,2
210000.0,L'aouina,Tunis,2,1.0,3.0,100.0,1
320000.0,L'aouina,Tunis,3,2.0,5.0,138.0,1
750000.0,La Marsa,Tunis,9,6.0,9.0,500.0,1
210000.0,L'aouina,Tunis,2,1.0,3.0,100.0,1
250000.0,Gammarth,Tunis,3,1.0,4.0,110.0,1
320000.0,L'aouina,Tunis,3,2.0,5.0,138.0,1
210000.0,L'aouina,Tunis,2,1.0,3.0,100.0,1
350000.0,L'aouina,Tunis,2,1.0,4.0,226.0,1
310000.0,L'aouina,Tunis,3,2.0,5.0,138.0,1
280000.0,L'aouina,Tunis,3,2.0,4.0,157.0,4
1086000.0,La Marsa,Tunis,3,2.0,4.0,252.0,1
1258000.0,La Marsa,Tunis,3,2.0,4.0,293.0,1
189000.0,Sidi Hassine,Tunis,4,2.0,7.0,124.0,7
162000.0,L'aouina,Tunis,1,1.0,1.0,56.0,4
120000.0,L'aouina,Tunis,1,1.0,1.0,54.0,3
165000.0,L'aouina,Tunis,1,1.0,1.0,60.0,2
145000.0,L'aouina,Tunis,1,1.0,1.0,50.0,1
310000.0,L'aouina,Tunis,3,2.0,4.0,140.0,1
285000.0,L'aouina,Tunis,3,2.0,3.0,90.0,1
1020000.0,La Marsa,Tunis,3,2.0,4.0,237.0,1
157000.0,L'aouina,Tunis,1,1.0,1.0,70.0,7
305000.0,L'aouina,Tunis,3,2.0,3.0,127.0,3
295000.0,L'aouina,Tunis,3,2.0,3.0,145.0,3
460000.0,Sidi Daoud,Tunis,3,2.0,4.0,165.0,8
180000.0,El Omrane supérieur,Tunis,3,1.0,3.0,109.0,1
210000.0,L'aouina,Tunis,2,1.0,2.0,95.0,3
560000.0,Les Berges Du Lac,Tunis,3,1.0,4.0,134.0,1
165000.0,Agba,Tunis,3,1.0,3.0,127.0,1
260000.0,L'aouina,Tunis,1,1.0,3.0,101.0,1
2563000.0,Les Berges Du Lac,Tunis,4,5.0,6.0,366.6,1
1540000.0,Les Berges Du Lac,Tunis,4,4.0,5.0,320.0,1
300000.0,Sidi Bou Said,Tunis,2,1.0,2.0,70.0,1
145000.0,L'aouina,Tunis,1,1.0,2.0,79.0,1
380000.0,La Marsa,Tunis,3,1.0,3.0,254.0,1
1250000.0,La Marsa,Tunis,3,1.0,4.0,150.0,2
85000.0,Ezzouhour,Tunis,2,1.0,3.0,55.0,1
800000.0,L'aouina,Tunis,10,4.0,10.0,620.0,3
145000.0,L'aouina,Tunis,1,1.0,2.0,79.0,1
125000.0,Le Bardo,Tunis,2,1.0,3.0,70.0,1
138000.0,L'aouina,Tunis,1,1.0,1.0,57.7712,7
700000.0,La Marsa,Tunis,10,6.0,10.0,220.0,3
190000.0,L'aouina,Tunis,2,2.0,2.0,83.0,1
500000.0,L'aouina,Tunis,3,3.0,3.0,142.4,9
245000.0,L'aouina,Tunis,2,1.0,2.0,92.8,1
217000.0,L'aouina,Tunis,2,1.0,2.0,84.0,2
225000.0,L'aouina,Tunis,2,1.0,2.0,77.3,5
190000.0,L'aouina,Tunis,2,1.0,2.0,83.0,1
1270000.0,L'aouina,Tunis,9,6.0,9.0,352.4,1
265000.0,L'aouina,Tunis,3,2.0,3.0,115.2,4
290000.0,L'aouina,Tunis,2,2.0,2.0,84.6,1
225000.0,L'aouina,Tunis,2,1.0,2.0,85.16,5
290000.0,L'aouina,Tunis,3,2.0,3.0,100.0,2
153000.0,L'aouina,Tunis,1,1.0,1.0,66.52000000000001,7
217000.0,L'aouina,Tunis,2,1.0,3.0,103.6,2
1180000.0,L'aouina,Tunis,5,3.0,5.0,264.6,1
242000.0,L'aouina,Tunis,4,2.0,3.0,106.0,6
95000.0,El Omrane,Tunis,1,1.0,4.0,73.0,1
235000.0,L'aouina,Tunis,2,1.0,3.0,100.0,3
80000.0,Le Bardo,Tunis,2,1.0,3.0,84.2,2
295000.0,Jardin De Carthage,Tunis,1,1.0,3.0,84.0,1
135000.0,Centre Ville - Lafayette,Tunis,2,1.0,3.0,90.0,1
35000.0,Agba,Tunis,2,1.0,3.0,56.0,1
260000.0,Gammarth,Tunis,3,2.0,4.0,117.0,2
75000.0,Le Bardo,Tunis,2,2.0,3.0,80.0,2
270000.0,La Goulette,Tunis,3,1.0,3.0,93.0,1
125000.0,Hraïria,Tunis,3,1.0,5.0,85.0,1
200000.0,Aïn Zaghouan,Tunis,1,1.0,2.0,120.0,1
365000.0,Aïn Zaghouan,Tunis,2,2.0,6.0,120.0,1
300000.0,Gammarth,Tunis,3,1.0,4.0,110.0,2
1250000.0,La Marsa,Tunis,4,3.0,5.0,220.0,1
220000.0,L'aouina,Tunis,2,1.0,3.0,135.0,1
230000.0,Centre Ville - Lafayette,Tunis,4,2.0,6.0,115.0,3
145000.0,L'aouina,Tunis,1,1.0,2.0,60.0,1
245000.0,Jardin De Carthage,Tunis,3,2.0,3.0,121.08,1
210000.0,Aïn Zaghouan,Tunis,2,1.0,3.0,104.0,1
220000.0,Médina,Tunis,2,1.0,3.0,190.0,2
65000.0,Djebel Jelloud,Tunis,2,1.0,3.0,50.0,1
695000.0,Jardin De Carthage,Tunis,3,3.0,4.0,237.0,3
175000.0,Les Berges Du Lac,Tunis,2,1.0,2.0,110.0,1
430000.0,La Marsa,Tunis,3,2.0,4.0,150.0,5
270000.0,El Omrane supérieur,Tunis,3,1.0,4.0,160.0,1
319000.0,Sidi Daoud,Tunis,2,1.0,3.0,120.0,3
950000.0,La Marsa,Tunis,3,4.0,6.0,200.0,1
500000.0,Les Berges Du Lac,Tunis,4,1.0,6.0,133.0,2
286000.0,Aïn Zaghouan,Tunis,1,1.0,2.0,61.0,9
430000.0,Aïn Zaghouan,Tunis,3,3.0,3.0,158.0,2
860000.0,La Marsa,Tunis,4,3.0,5.0,222.0,1
140000.0,L'aouina,Tunis,1,1.0,3.0,60.0,1
105000.0,El Ouardia,Tunis,3,1.0,3.0,75.0,3
140000.0,L'aouina,Tunis,1,1.0,3.0,60.0,1
130000.0,L'aouina,Tunis,1,1.0,2.0,53.0,1
210000.0,L'aouina,Tunis,3,1.0,4.0,86.0,1
140000.0,L'aouina,Tunis,1,1.0,2.0,86.0,1
315000.0,L'aouina,Tunis,3,2.0,6.0,138.0,1
210000.0,L'aouina,Tunis,2,1.0,3.0,86.0,1
150000.0,El Omrane,Tunis,3,2.0,7.0,100.0,1
270000.0,Aïn Zaghouan,Tunis,2,2.0,4.0,128.0,1
220000.0,Cité El Khadra,Tunis,3,1.0,7.0,120.0,1
320000.0,L'aouina,Tunis,3,2.0,5.0,138.0,1
280000.0,Le Bardo,Tunis,3,1.0,5.0,120.0,1
300000.0,Le Bardo,Tunis,4,1.0,5.0,128.0,1
135000.0,Ettahrir,Tunis,3,1.0,4.0,105.0,3
145000.0,Sidi Hassine,Tunis,2,1.0,3.0,110.0,1
110000.0,Agba,Tunis,2,1.0,3.0,75.0,3
185000.0,Médina,Tunis,3,1.0,4.0,145.0,3
185000.0,Centre Ville - Lafayette,Tunis,3,1.0,3.0,80.0,1
300000.0,Le Bardo,Tunis,3,1.0,4.0,128.0,1
290000.0,Aïn Zaghouan,Tunis,3,2.0,4.0,160.0,4
120000.0,Le Bardo,Tunis,1,1.0,2.0,74.0,4
310000.0,L'aouina,Tunis,3,2.0,5.0,172.0,1
320000.0,Le Bardo,Tunis,2,1.0,3.0,140.0,1
250000.0,L'aouina,Tunis,2,2.0,4.0,125.0,1
200000.0,Cité El Khadra,Tunis,4,1.0,4.0,103.0,4
300000.0,L'aouina,Tunis,3,2.0,5.0,145.0,1
140000.0,L'aouina,Tunis,1,1.0,2.0,60.0,1
210000.0,La Marsa,Tunis,2,1.0,4.0,120.0,1
320000.0,L'aouina,Tunis,3,2.0,5.0,138.0,1
270000.0,Sidi Bou Said,Tunis,2,2.0,3.0,86.0,1
200000.0,Jardin De Carthage,Tunis,1,1.0,2.0,50.0,4
3100000.0,Le Kram,Tunis,2,2.0,3.0,129.0,1
350000.0,Le Kram,Tunis,2,2.0,3.0,100.0,1
155000.0,Cité El Khadra,Tunis,2,1.0,3.0,75.0,4
115000.0,Le Bardo,Tunis,3,1.0,4.0,82.0,1
160000.0,La Marsa,Tunis,2,1.0,3.0,70.6,1
85000.0,Cité El Khadra,Tunis,2,1.0,3.0,65.0,3
320000.0,La Marsa,Tunis,2,2.0,3.0,124.0,2
350000.0,L'aouina,Tunis,2,2.0,2.0,91.0088,1
340000.0,Cité El Khadra,Tunis,3,1.0,7.0,123.4,1
300000.0,L'aouina,Tunis,3,2.0,3.0,105.32000000000001,1
125000.0,L'aouina,Tunis,1,1.0,2.0,45.0,1
178000.0,L'aouina,Tunis,1,1.0,1.0,62.6,1
138000.0,L'aouina,Tunis,1,1.0,1.0,60.32543999999999,6
138000.0,L'aouina,Tunis,1,1.0,1.0,60.410528,6
90000.0,L'aouina,Tunis,2,1.0,2.0,77.6,1
265000.0,L'aouina,Tunis,3,2.0,3.0,117.64000000000001,4
210000.0,L'aouina,Tunis,2,1.0,3.0,86.0,1
165000.0,L'aouina,Tunis,1,1.0,1.0,54.0,2
153000.0,L'aouina,Tunis,1,1.0,1.0,68.104,7
138000.0,L'aouina,Tunis,1,1.0,1.0,60.0926336,7
240000.0,L'aouina,Tunis,3,2.0,3.0,103.4,4
1470000.0,Les Berges Du Lac,Tunis,3,4.0,4.0,180.0,2
265000.0,L'aouina,Tunis,3,2.0,3.0,112.56799999999998,4
330000.0,L'aouina,Tunis,3,2.0,3.0,129.0,1
140000.0,L'aouina,Tunis,3,2.0,3.0,85.0,3
89000.0,Agba,Tunis,2,1.0,2.0,100.0,1
240000.0,L'aouina,Tunis,3,2.0,3.0,103.6,4
155000.0,L'aouina,Tunis,1,1.0,1.0,74.5248,7
460000.0,Aïn Zaghouan,Tunis,4,2.0,5.0,302.0,7
250000.0,L'aouina,Tunis,2,1.0,3.0,140.0,4
458000.0,Jardin De Carthage,Tunis,3,3.0,4.0,158.0,8
620000.0,Jardin De Carthage,Tunis,3,3.0,4.0,221.0,9
320000.0,L'aouina,Tunis,3,2.0,5.0,138.0,1
224000.0,Aïn Zaghouan,Tunis,3,1.0,3.0,81.0,7
210000.0,L'aouina,Tunis,2,1.0,3.0,100.0,1
3200000.0,La Marsa,Tunis,8,2.0,9.0,600.0,1
120000.0,Le Bardo,Tunis,3,1.0,6.0,70.0,1
250000.0,Agba,Tunis,3,1.0,4.0,125.0,1
87000.0,El Ouardia,Tunis,3,1.0,3.0,89.0,3
310000.0,L'aouina,Tunis,3,2.0,5.0,138.0,1
90000.0,Hraïria,Tunis,2,1.0,3.0,60.0,1
255000.0,L'aouina,Tunis,2,1.0,3.0,105.0,3
155000.0,Centre Ville - Lafayette,Tunis,3,1.0,3.0,70.0,4
290000.0,La Marsa,Tunis,2,1.0,3.0,130.0,1
45000.0,Le Bardo,Tunis,2,1.0,2.0,66.6,1
500000.0,Mutuelleville,Tunis,4,4.0,5.0,156.4,1
280000.0,La Marsa,Tunis,2,2.0,3.0,137.6,1
650000.0,La Marsa,Tunis,2,1.0,3.0,115.0,3
950000.0,La Marsa,Tunis,3,2.0,4.0,165.0,1
200000.0,La Marsa,Tunis,5,2.0,6.0,200.0,1
175000.0,Sidi Daoud,Tunis,1,1.0,2.0,73.0,2
200000.0,Ezzahra,Ben Arous,4,2.0,7.0,144.0,1
135000.0,Medina Jedida,Ben Arous,2,1.0,3.0,98.0,1
120000.0,Mohamedia,Ben Arous,2,1.0,2.0,59.8,4
160000.0,Borj Cedria,Ben Arous,2,1.0,3.0,50.0,1
145000.0,Radès,Ben Arous,2,1.0,3.0,67.0,2
175000.0,Medina Jedida,Ben Arous,3,1.0,3.0,115.0,2
220000.0,Hammam Chott,Ben Arous,2,2.0,4.0,83.0,1
185000.0,El Mourouj,Ben Arous,3,1.0,4.0,117.5,3
275000.0,Medina Jedida,Ben Arous,3,1.0,4.0,107.0,6
156000.0,El Mourouj,Ben Arous,3,1.0,3.0,80.0,3
140000.0,El Mourouj,Ben Arous,2,1.0,3.0,78.0,2
150000.0,Ezzahra,Ben Arous,3,1.0,6.0,90.0,4
245000.0,Ezzahra,Ben Arous,3,1.0,4.0,120.0,4
150000.0,El Mourouj,Ben Arous,4,1.0,4.0,96.8,1
150000.0,El Mourouj,Ben Arous,3,1.0,6.0,110.0,1
230000.0,Radès,Ben Arous,2,1.0,3.0,85.0,1
225000.0,El Mourouj,Ben Arous,2,1.0,2.0,129.5,3
145000.0,El Mourouj,Ben Arous,3,1.0,4.0,96.0,1
140000.0,Borj Cedria,Ben Arous,3,1.0,4.0,100.0,1
185000.0,El Mourouj,Ben Arous,2,1.0,3.0,103.0,1
115000.0,El Mourouj,Ben Arous,4,1.0,4.0,100.0,1
105000.0,El Mourouj,Ben Arous,2,1.0,3.0,75.0,1
145000.0,Medina Jedida,Ben Arous,3,2.0,4.0,107.0,3
110000.0,El Mourouj,Ben Arous,2,1.0,4.0,85.0,4
119000.0,Ezzahra,Ben Arous,2,1.0,3.0,78.0,1
100000.0,Ezzahra,Ben Arous,3,1.0,3.0,96.0,4
84000.0,Medina Jedida,Ben Arous,2,1.0,3.0,90.0,4
137000.0,Hammam Chott,Ben Arous,2,1.0,2.0,83.0,1
120000.0,Ezzahra,Ben Arous,3,1.0,3.0,80.0,3
119000.0,Ezzahra,Ben Arous,2,1.0,3.0,73.6,1
125000.0,Fouchana,Ben Arous,2,1.0,3.0,100.0,1
175000.0,El Mourouj,Ben Arous,2,1.0,3.0,96.0,1
115000.0,El Mourouj,Ben Arous,2,1.0,3.0,74.0,1
170000.0,Medina Jedida,Ben Arous,2,1.0,3.0,79.0,2
195000.0,El Mourouj,Ben Arous,2,1.0,3.0,108.0,3
170000.0,Borj Cedria,Ben Arous,2,1.0,2.0,116.0,4
110000.0,El Mourouj,Ben Arous,3,1.0,4.0,70.0,1
200000.0,Medina Jedida,Ben Arous,2,1.0,3.0,89.0,1
150000.0,El Mourouj,Ben Arous,2,1.0,3.0,80.0,1
520000.0,Hammam Lif,Ben Arous,5,1.0,7.0,200.0,1
150000.0,El Mourouj,Ben Arous,4,2.0,6.0,89.2,1
180000.0,Ezzahra,Ben Arous,3,1.0,3.0,93.2,1
130000.0,El Mourouj,Ben Arous,2,1.0,3.0,62.0,1
120000.0,El Mourouj,Ben Arous,2,1.0,5.0,67.0,2
167000.0,Hammam Lif,Ben Arous,2,1.0,3.0,66.82,6
250000.0,El Mourouj,Ben Arous,4,2.0,7.0,147.0,1
140000.0,Hammam Chott,Ben Arous,3,1.0,3.0,90.4,2
148000.0,El Mourouj,Ben Arous,4,1.0,4.0,80.0,3
91000.0,Borj Cedria,Ben Arous,2,1.0,3.0,82.0,1
127000.0,Radès,Ben Arous,2,1.0,3.0,92.0,3
245000.0,Medina Jedida,Ben Arous,3,2.0,5.0,143.0,1
197000.0,Medina Jedida,Ben Arous,3,2.0,7.0,115.0,3
173000.0,Medina Jedida,Ben Arous,2,1.0,6.0,90.0,2
195000.0,Mégrine,Ben Arous,2,1.0,6.0,80.0,1
200000.0,Medina Jedida,Ben Arous,2,1.0,6.0,95.0,2
197000.0,Medina Jedida,Ben Arous,3,2.0,7.0,115.0,3
220000.0,Borj Cedria,Ben Arous,1,1.0,3.0,120.0,3
120000.0,El Mourouj,Ben Arous,3,2.0,6.0,120.0,4
155000.0,El Mourouj,Ben Arous,2,1.0,3.0,96.0,1
215000.0,Medina Jedida,Ben Arous,3,1.0,6.0,95.0,1
190080.0,Mornag,Ben Arous,2,1.0,3.0,80.0,5
200000.0,Medina Jedida,Ben Arous,2,1.0,6.0,97.0,2
235000.0,Boumhel,Ben Arous,3,1.0,4.0,122.0,3
140000.0,Fouchana,Ben Arous,3,1.0,3.0,81.0,1
233223.0,Borj Cedria,Ben Arous,3,2.0,4.0,137.19,4
188000.0,Fouchana,Ben Arous,3,1.0,4.0,90.0,2
129000.0,Ezzahra,Ben Arous,2,1.0,3.0,59.0,2
235000.0,Boumhel,Ben Arous,3,1.0,4.0,138.0,4
277000.0,Ezzahra,Ben Arous,3,2.0,4.0,147.0,1
130000.0,El Mourouj,Ben Arous,2,1.0,3.0,110.0,1
135000.0,El Mourouj,Ben Arous,2,1.0,3.0,94.0,2
130000.0,El Mourouj,Ben Arous,2,1.0,3.0,74.95,1
145000.0,Ezzahra,Ben Arous,3,1.0,4.0,85.0,3
168000.0,Fouchana,Ben Arous,4,2.0,5.0,120.0,1
150000.0,Ezzahra,Ben Arous,2,1.0,3.0,88.0,3
160000.0,Borj Cedria,Ben Arous,2,1.0,3.0,107.0,5
186000.0,El Mourouj,Ben Arous,3,2.0,4.0,110.0,1
300000.0,Ezzahra,Ben Arous,3,1.0,4.0,126.0,5
248000.0,Ezzahra,Ben Arous,2,1.0,3.0,105.0,1
175000.0,Mégrine,Ben Arous,2,1.0,3.0,107.0,1
120000.0,El Mourouj,Ben Arous,3,1.0,4.0,110.0,4
180000.0,El Mourouj,Ben Arous,3,1.0,5.0,101.0,3
110000.0,El Mourouj,Ben Arous,2,1.0,5.0,101.14,1
150000.0,Borj Cedria,Ben Arous,2,1.0,3.0,80.0,1
250000.0,Borj Cedria,Ben Arous,3,2.0,4.0,180.0,1
175000.0,El Mourouj,Ben Arous,3,1.0,4.0,130.0,1
180000.0,El Mourouj,Ben Arous,2,1.0,3.0,97.0,5
280000.0,Medina Jedida,Ben Arous,3,1.0,4.0,145.0,3
300000.0,El Mourouj,Ben Arous,2,1.0,3.0,108.46399999999998,1
200000.0,Mohamedia,Ben Arous,6,3.0,6.0,130.0,2
190000.0,Medina Jedida,Ben Arous,2,1.0,3.0,105.0,1
200000.0,Medina Jedida,Ben Arous,3,1.0,5.0,111.0,2
200000.0,Borj Cedria,Ben Arous,2,1.0,3.0,85.0,1
249000.0,Ezzahra,Ben Arous,3,2.0,4.0,104.0,4
230000.0,Medina Jedida,Ben Arous,3,2.0,4.0,140.0,4
560000.0,Medina Jedida,Ben Arous,3,2.0,6.0,211.35,1
195000.0,Radès,Ben Arous,3,2.0,4.0,112.2,1
163000.0,Boumhel,Ben Arous,2,2.0,3.0,90.0,4
100000.0,Borj Cedria,Ben Arous,2,1.0,3.0,76.0,2
157000.0,Borj Cedria,Ben Arous,2,2.0,3.0,99.0,1
150000.0,El Mourouj,Ben Arous,3,1.0,4.0,105.0,4
145000.0,El Mourouj,Ben Arous,4,1.0,4.0,106.0,1
120000.0,El Mourouj,Ben Arous,2,1.0,3.0,80.0,2
100000.0,Medina Jedida,Ben Arous,2,2.0,3.0,74.0,2
130000.0,El Mourouj,Ben Arous,2,1.0,3.0,78.0,4
200000.0,El Mourouj,Ben Arous,3,1.0,4.0,136.0,3
36000.0,Borj Cedria,Ben Arous,2,1.0,3.0,55.0,1
145000.0,El Mourouj,Ben Arous,3,1.0,4.0,106.0,1
110000.0,El Mourouj,Ben Arous,2,1.0,3.0,90.0,4
135000.0,Radès,Ben Arous,2,1.0,3.0,80.0,1
210000.0,Ezzahra,Ben Arous,4,2.0,5.0,131.0,3
170000.0,El Mourouj,Ben Arous,2,1.0,3.0,100.0,5
230000.0,Radès,Ben Arous,3,1.0,4.0,140.0,1
280000.0,Ezzahra,Ben Arous,2,1.0,3.0,95.0,1
230000.0,Radès,Ben Arous,3,1.0,4.0,140.0,1
210000.0,El Mourouj,Ben Arous,2,1.0,3.0,97.0,1
149000.0,El Mourouj,Ben Arous,2,1.0,3.0,65.0,1
250000.0,Mégrine,Ben Arous,3,2.0,4.0,141.0,1
160000.0,El Mourouj,Ben Arous,3,1.0,4.0,90.0,4
180000.0,El Mourouj,Ben Arous,3,1.0,4.0,86.0,1
150000.0,El Mourouj,Ben Arous,3,1.0,4.0,86.0,1
170000.0,Radès,Ben Arous,3,1.0,4.0,83.0,3
210000.0,Ezzahra,Ben Arous,2,1.0,3.0,75.0,1
320000.0,Mégrine,Ben Arous,2,1.0,3.0,120.0,1
180000.0,El Mourouj,Ben Arous,3,1.0,4.0,101.0,3
175000.0,Hammam Chott,Ben Arous,2,1.0,3.0,102.0,1
220000.0,El Mourouj,Ben Arous,3,2.0,4.0,109.0,1
140000.0,El Mourouj,Ben Arous,2,1.0,3.0,135.0,1
120000.0,El Mourouj,Ben Arous,2,1.0,3.0,72.0,1
50000.0,El Mourouj,Ben Arous,1,1.0,2.0,90.0,1
130000.0,Medina Jedida,Ben Arous,2,1.0,3.0,90.0,4
205000.0,El Mourouj,Ben Arous,2,1.0,3.0,101.0,3
165000.0,El Mourouj,Ben Arous,2,1.0,3.0,110.0,1
155000.0,Borj Cedria,Ben Arous,3,1.0,4.0,110.0,4
100000.0,Radès,Ben Arous,2,1.0,3.0,80.0,3
190000.0,Mégrine,Ben Arous,3,1.0,4.0,110.0,4
140000.0,Boumhel,Ben Arous,2,1.0,3.0,140.0,1
90000.0,El Mourouj,Ben Arous,3,2.0,4.0,130.0,2
145000.0,Radès,Ben Arous,2,1.0,3.0,83.6,4
180000.0,Medina Jedida,Ben Arous,2,2.0,3.0,107.0,2
341000.0,Medina Jedida,Ben Arous,3,3.0,8.0,148.0,1
286000.0,Medina Jedida,Ben Arous,2,2.0,6.0,124.0,4
130000.0,El Mourouj,Ben Arous,2,1.0,2.0,70.0,1
390000.0,El Mourouj,Ben Arous,5,3.0,2.0,97.6,2
245000.0,Medina Jedida,Ben Arous,3,1.0,5.0,127.0,4
35000.0,Ezzahra,Ben Arous,2,1.0,2.0,70.32000000000001,1
180000.0,Radès,Ben Arous,3,1.0,4.0,90.0,3
130000.0,Radès,Ben Arous,2,1.0,3.0,68.0,4
168000.0,Hammam Lif,Ben Arous,2,1.0,3.0,88.0,1
148000.0,El Mourouj,Ben Arous,2,1.0,3.0,90.0,1
250000.0,Hammam Chott,Ben Arous,3,1.0,3.0,99.4,1
140000.0,Ezzahra,Ben Arous,2,1.0,4.0,94.0,1
125000.0,Boumhel,Ben Arous,2,1.0,3.0,75.0,1
120000.0,Medina Jedida,Ben Arous,2,1.0,3.0,83.0,1
180000.0,Ezzahra,Ben Arous,2,1.0,3.0,75.0,1
148000.0,El Mourouj,Ben Arous,2,1.0,3.0,90.0,4
170000.0,Borj Cedria,Ben Arous,2,1.0,5.0,111.0,5
320000.0,Radès,Ben Arous,3,1.0,4.0,150.0,1
173000.0,El Mourouj,Ben Arous,4,1.0,5.0,101.0,3
125000.0,El Mourouj,Ben Arous,2,1.0,3.0,86.0,3
260000.0,Boumhel,Ben Arous,3,1.0,4.0,120.0,1
190000.0,Boumhel,Ben Arous,2,1.0,3.0,94.0,1
185000.0,Borj Cedria,Ben Arous,1,1.0,2.0,98.0,1
150000.0,Ezzahra,Ben Arous,2,1.0,3.0,65.0,3
215000.0,El Mourouj,Ben Arous,3,1.0,5.0,72.0,3
145000.0,Boumhel,Ben Arous,2,1.0,3.0,80.0,1
189000.0,Ezzahra,Ben Arous,2,1.0,3.0,105.0,2
235000.0,Boumhel,Ben Arous,3,1.0,3.0,108.0,1
175000.0,Ezzahra,Ben Arous,1,1.0,3.0,50.0,3
265000.0,Medina Jedida,Ben Arous,3,2.0,4.0,136.0,1
310000.0,Ezzahra,Ben Arous,3,1.0,4.0,144.0,1
160000.0,Hammam Chott,Ben Arous,2,1.0,3.0,82.0,1
170000.0,Medina Jedida,Ben Arous,2,1.0,3.0,107.0,3
150000.0,El Mourouj,Ben Arous,2,1.0,3.0,75.0,1
180000.0,El Mourouj,Ben Arous,3,1.0,4.0,90.0,4
217000.0,Medina Jedida,Ben Arous,2,1.0,2.0,124.0,2
140000.0,Hammam Chott,Ben Arous,2,1.0,3.0,75.0,2
98000.0,El Mourouj,Ben Arous,2,1.0,3.0,74.0,4
148000.0,El Mourouj,Ben Arous,2,1.0,3.0,90.0,4
120000.0,Medina Jedida,Ben Arous,2,1.0,3.0,88.0,1
210000.0,Medina Jedida,Ben Arous,2,2.0,3.0,122.0,4
240000.0,Medina Jedida,Ben Arous,2,1.0,2.0,108.0,2
175000.0,El Mourouj,Ben Arous,3,1.0,4.0,110.0,2
120000.0,El Mourouj,Ben Arous,3,1.0,4.0,110.0,4
200000.0,El Mourouj,Ben Arous,2,1.0,3.0,107.0,3
200000.0,Mornag,Ben Arous,3,2.0,4.0,135.0,1
160000.0,Ezzahra,Ben Arous,3,1.0,4.0,94.0,3
155000.0,El Mourouj,Ben Arous,3,1.0,3.0,80.0,1
165000.0,Radès,Ben Arous,3,1.0,4.0,86.0,3
245000.0,Borj Cedria,Ben Arous,3,1.0,3.0,137.0,1
150000.0,Radès,Ben Arous,2,1.0,3.0,80.0,1
300000.0,Radès,Ben Arous,3,2.0,4.0,164.0,1
135000.0,El Mourouj,Ben Arous,2,1.0,3.0,85.0,2
65000.0,Medina Jedida,Ben Arous,1,1.0,2.0,80.0,1
280000.0,Medina Jedida,Ben Arous,3,1.0,4.0,145.0,1
185000.0,Medina Jedida,Ben Arous,2,1.0,2.0,107.0,1
145000.0,El Mourouj,Ben Arous,3,1.0,3.0,89.0,3
122000.0,El Mourouj,Ben Arous,3,1.0,3.0,66.0,4
198000.0,El Mourouj,Ben Arous,3,1.0,4.0,110.0,1
140000.0,Boumhel,Ben Arous,2,1.0,3.0,72.0,3
120000.0,El Mourouj,Ben Arous,4,1.0,3.0,84.0,3
175000.0,Fouchana,Ben Arous,3,1.0,4.0,103.0,1
265000.0,Medina Jedida,Ben Arous,3,1.0,4.0,129.0,1
220000.0,Medina Jedida,Ben Arous,3,1.0,4.0,110.0,1
225000.0,Radès,Ben Arous,3,1.0,4.0,133.0,5
165000.0,Medina Jedida,Ben Arous,1,1.0,1.0,56.0,2
95000.0,Borj Cedria,Ben Arous,1,1.0,1.0,53.0,4
165000.0,El Mourouj,Ben Arous,3,1.0,3.0,115.0,1
82000.0,Mohamedia,Ben Arous,3,1.0,4.0,78.0,1
65000.0,Mohamedia,Ben Arous,3,1.0,3.0,80.0,1
220000.0,Hammam Chott,Ben Arous,3,1.0,5.0,92.0,2
165000.0,El Mourouj,Ben Arous,3,1.0,4.0,90.0,3
280000.0,Ezzahra,Ben Arous,4,2.0,6.0,149.0,3
200000.0,Medina Jedida,Ben Arous,3,2.0,3.0,103.0,1
230000.0,Radès,Ben Arous,2,1.0,3.0,100.0,3
235000.0,Borj Cedria,Ben Arous,3,1.0,4.0,137.0,1
130000.0,Radès,Ben Arous,1,1.0,2.0,70.0,1
290000.0,Ezzahra,Ben Arous,3,2.0,3.0,117.0,2
135000.0,Medina Jedida,Ben Arous,2,1.0,3.0,90.0,1
265000.0,Medina Jedida,Ben Arous,3,2.0,4.0,129.0,1
187000.0,Ezzahra,Ben Arous,1,1.0,3.0,90.0,3
250000.0,El Mourouj,Ben Arous,3,1.0,4.0,140.0,1
135000.0,Fouchana,Ben Arous,3,1.0,4.0,93.0,4
130000.0,Radès,Ben Arous,2,1.0,3.0,70.0,2
200000.0,Medina Jedida,Ben Arous,3,1.0,4.0,103.0,1
157000.0,El Mourouj,Ben Arous,3,1.0,4.0,100.0,4
195000.0,Medina Jedida,Ben Arous,3,2.0,6.0,140.0,1
100000.0,Borj Cedria,Ben Arous,3,1.0,4.0,145.0,2
145000.0,Radès,Ben Arous,3,1.0,3.0,80.0,1
162000.0,El Mourouj,Ben Arous,2,1.0,3.0,90.0,2
125000.0,Boumhel,Ben Arous,1,1.0,2.0,60.0,3
290000.0,Mornag,Ben Arous,3,1.0,4.0,205.0,1
290000.0,El Mourouj,Ben Arous,3,1.0,4.0,140.0,4
140000.0,Radès,Ben Arous,2,1.0,3.0,67.0,1
185000.0,Borj Cedria,Ben Arous,2,1.0,3.0,100.0,1
155000.0,Radès,Ben Arous,2,1.0,2.0,95.0,1
135000.0,El Mourouj,Ben Arous,2,1.0,3.0,91.0,2
180000.0,Hammam Lif,Ben Arous,3,1.0,4.0,124.0,4
130000.0,Medina Jedida,Ben Arous,3,1.0,3.0,95.0,1
100000.0,Medina Jedida,Ben Arous,3,1.0,4.0,98.0,3
100000.0,Radès,Ben Arous,2,1.0,3.0,70.0,1
105000.0,Mornag,Ben Arous,2,1.0,3.0,80.0,1
130000.0,Boumhel,Ben Arous,2,1.0,3.0,82.0,2
235000.0,Borj Cedria,Ben Arous,1,1.0,1.0,73.0,1
220000.0,Medina Jedida,Ben Arous,3,1.0,4.0,97.0,1
170000.0,Borj Cedria,Ben Arous,2,1.0,3.0,107.0,5
95000.0,Radès,Ben Arous,2,1.0,3.0,75.0,3
210000.0,Radès,Ben Arous,3,1.0,4.0,83.0,1
140000.0,El Mourouj,Ben Arous,3,1.0,4.0,100.0,1
190000.0,Boumhel,Ben Arous,5,2.0,4.0,81.0,1
235000.0,El Mourouj,Ben Arous,3,2.0,6.0,92.0,4
220000.0,Ezzahra,Ben Arous,5,2.0,8.0,144.0,1
280000.0,Medina Jedida,Ben Arous,3,1.0,3.0,145.0,3
100000.0,Medina Jedida,Ben Arous,2,1.0,3.0,115.0,1
230000.0,Medina Jedida,Ben Arous,2,2.0,3.0,122.0,1
230000.0,Medina Jedida,Ben Arous,2,2.0,3.0,122.0,1
290000.0,Medina Jedida,Ben Arous,3,2.0,4.0,123.0,1
200000.0,Radès,Ben Arous,3,1.0,3.0,110.0,1
275000.0,Medina Jedida,Ben Arous,3,1.0,3.0,156.0,2
135000.0,Medina Jedida,Ben Arous,2,1.0,3.0,79.0,3
135000.0,Medina Jedida,Ben Arous,2,1.0,2.0,79.0,3
65000.0,Mégrine,Ben Arous,2,1.0,3.0,90.0,1
135000.0,Medina Jedida,Ben Arous,3,1.0,4.0,109.0,1
260000.0,El Mourouj,Ben Arous,2,1.0,2.0,118.0,1
285000.0,Medina Jedida,Ben Arous,3,1.0,4.0,137.5,7
180000.0,Radès,Ben Arous,2,1.0,3.0,110.0,1
180000.0,Medina Jedida,Ben Arous,2,1.0,4.0,117.0,1
147000.0,El Mourouj,Ben Arous,2,1.0,2.0,49.0,1
200000.0,Hammam Chott,Ben Arous,3,1.0,6.0,108.0,1
180000.0,Borj Cedria,Ben Arous,2,1.0,3.0,108.0,3
125000.0,Medina Jedida,Ben Arous,2,1.0,3.0,94.0,1
135000.0,Ezzahra,Ben Arous,1,1.0,2.0,75.0,1
125000.0,Ezzahra,Ben Arous,2,1.0,3.0,90.0,1
125000.0,Ezzahra,Ben Arous,2,1.0,3.0,95.0,1
50000.0,Medina Jedida,Ben Arous,3,1.0,3.0,73.0,3
182000.0,El Mourouj,Ben Arous,3,1.0,3.0,106.0,2
80000.0,Medina Jedida,Ben Arous,2,1.0,3.0,80.0,1
65000.0,Medina Jedida,Ben Arous,2,1.0,2.0,65.0,2
180000.0,Radès,Ben Arous,2,1.0,3.0,72.0,1
650000.0,Medina Jedida,Ben Arous,8,2.0,9.0,400.0,3
130000.0,El Mourouj,Ben Arous,2,1.0,3.0,75.0,1
170000.0,Radès,Ben Arous,3,1.0,4.0,106.0,3
170000.0,Radès,Ben Arous,4,2.0,4.0,200.0,2
230000.0,Borj Cedria,Ben Arous,3,2.0,4.0,96.0,4
62000.0,Medina Jedida,Ben Arous,2,1.0,2.0,65.0,2
150000.0,El Mourouj,Ben Arous,3,1.0,4.0,85.0,1
125000.0,Radès,Ben Arous,2,1.0,3.0,65.0,1
110000.0,Radès,Ben Arous,2,1.0,3.0,75.0,1
250000.0,El Mourouj,Ben Arous,3,1.0,4.0,130.0,1
140000.0,Mornag,Ben Arous,3,1.0,6.0,75.0,1
115000.0,Radès,Ben Arous,2,1.0,3.0,80.0,4
170000.0,Ezzahra,Ben Arous,3,1.0,4.0,100.0,4
150000.0,Radès,Ben Arous,2,1.0,3.0,104.0,1
145000.0,Ezzahra,Ben Arous,3,1.0,4.0,90.0,3
140000.0,Radès,Ben Arous,3,1.0,4.0,84.0,3
120000.0,El Mourouj,Ben Arous,4,1.0,4.0,104.0,4
170000.0,Fouchana,Ben Arous,4,2.0,4.0,269.0,1
235000.0,Radès,Ben Arous,3,2.0,4.0,140.0,1
170000.0,El Mourouj,Ben Arous,3,1.0,4.0,140.0,4
93000.0,Medina Jedida,Ben Arous,2,1.0,3.0,90.0,3
135000.0,El Mourouj,Ben Arous,3,1.0,3.0,75.0,2
320000.0,Ezzahra,Ben Arous,3,1.0,4.0,132.0,1
150000.0,Radès,Ben Arous,2,1.0,3.0,90.0,1
180000.0,Medina Jedida,Ben Arous,2,1.0,4.0,117.0,1
93000.0,Medina Jedida,Ben Arous,2,1.0,3.0,90.0,3
95000.0,Borj Cedria,Ben Arous,3,1.0,3.0,76.0,2
205000.0,Radès,Ben Arous,3,2.0,4.0,132.0,2
105000.0,El Mourouj,Ben Arous,3,1.0,4.0,80.0,1
125000.0,Ezzahra,Ben Arous,2,1.0,3.0,95.0,1
184000.0,El Mourouj,Ben Arous,2,1.0,3.0,117.0,6
170000.0,Radès,Ben Arous,3,1.0,4.0,123.2,1
160000.0,Boumhel,Ben Arous,3,1.0,4.0,128.0,3
150000.0,Fouchana,Ben Arous,4,1.0,4.0,120.0,2
130000.0,Radès,Ben Arous,3,1.0,4.0,89.84,1
165000.0,El Mourouj,Ben Arous,3,1.0,4.0,116.0,1
98000.0,El Mourouj,Ben Arous,2,1.0,3.0,70.0,4
130000.0,Mornag,Ben Arous,3,1.0,4.0,105.0,4
125000.0,Radès,Ben Arous,2,1.0,3.0,105.0,1
135000.0,Ezzahra,Ben Arous,1,1.0,1.0,64.54796672,1
680000.0,Radès,Ben Arous,8,4.0,8.0,420.0,3
90000.0,Medina Jedida,Ben Arous,2,1.0,2.0,83.12,1
90000.0,Ezzahra,Ben Arous,2,1.0,2.0,84.144,1
95000.0,El Mourouj,Ben Arous,2,1.0,3.0,87.0,1
135000.0,Radès,Ben Arous,2,1.0,2.0,60.0,1
80000.0,Fouchana,Ben Arous,3,1.0,4.0,150.0,1
390000.0,Ezzahra,Ben Arous,4,1.0,5.0,204.0,1
187000.0,El Mourouj,Ben Arous,3,2.0,4.0,140.0,3
51000.0,Boumhel,Ben Arous,3,1.0,3.0,80.0,1
85000.0,Hammam Lif,Ben Arous,2,1.0,3.0,90.0,1
160000.0,Medina Jedida,Ben Arous,3,1.0,4.0,170.0,1
260000.0,Mégrine,Ben Arous,3,1.0,4.0,129.8,1
270000.0,Mégrine,Ben Arous,3,1.0,4.0,214.0,1
110000.0,Radès,Ben Arous,2,1.0,3.0,95.0,1
166000.0,El Mourouj,Ben Arous,2,1.0,3.0,66.0,2
125000.0,El Mourouj,Ben Arous,3,1.0,4.0,100.0,3
190000.0,Hammam Chott,Ben Arous,3,1.0,4.0,90.0,2
120000.0,El Mourouj,Ben Arous,2,1.0,3.0,75.0,1
190000.0,Mégrine,Ben Arous,3,1.0,4.0,115.0,1
100000.0,Medina Jedida,Ben Arous,2,2.0,3.0,95.0,1
137000.0,El Mourouj,Ben Arous,4,1.0,4.0,100.4,3
160000.0,El Mourouj,Ben Arous,4,1.0,4.0,110.0,4
100000.0,Medina Jedida,Ben Arous,2,2.0,3.0,95.0,1
270000.0,Borj Cedria,Ben Arous,2,1.0,2.0,150.0,1
190000.0,Borj Cedria,Ben Arous,2,1.0,3.0,135.0,4
230000.0,Medina Jedida,Ben Arous,3,2.0,4.0,134.0,6
65000.0,Medina Jedida,Ben Arous,2,1.0,3.0,70.0,1
260000.0,Medina Jedida,Ben Arous,3,1.0,4.0,151.0,1
85000.0,Medina Jedida,Ben Arous,3,1.0,4.0,75.0,1
49000.0,Radès,Ben Arous,2,1.0,3.0,85.0,3
93000.0,El Mourouj,Ben Arous,2,1.0,3.0,85.0,3
120000.0,El Mourouj,Ben Arous,3,1.0,3.0,85.0,4
225000.0,El Mourouj,Ben Arous,3,1.0,4.0,92.0,1
110000.0,Ezzahra,Ben Arous,3,1.0,4.0,65.0,1
89000.0,Fouchana,Ben Arous,2,1.0,2.0,60.0,1
78000.0,Mohamedia,Ben Arous,3,1.0,3.0,75.0,1
175000.0,Hammam Chott,Ben Arous,4,2.0,4.0,104.0,2
117000.0,Medina Jedida,Ben Arous,2,1.0,2.0,68.0,1
250000.0,Medina Jedida,Ben Arous,4,2.0,6.0,145.0,3
110000.0,El Mourouj,Ben Arous,2,1.0,3.0,78.0,1
168327.0,Borj Cedria,Ben Arous,3,2.0,4.0,122.0,2
76000.0,El Mourouj,Ben Arous,2,1.0,2.0,59.8,1
187347.0,El Mourouj,Ben Arous,3,1.0,3.0,138.0,3
120000.0,Borj Cedria,Ben Arous,3,1.0,3.0,74.0,1
155000.0,El Mourouj,Ben Arous,3,1.0,5.0,85.0,2
270000.0,Ezzahra,Ben Arous,3,1.0,4.0,120.0,1
150000.0,El Mourouj,Ben Arous,2,1.0,5.0,110.0,2
100000.0,Boumhel,Ben Arous,2,1.0,3.0,80.0,1
68000.0,Medina Jedida,Ben Arous,3,2.0,5.0,137.0,1
75000.0,Medina Jedida,Ben Arous,2,1.0,3.0,95.0,1
245000.0,Mornag,Ben Arous,3,2.0,4.0,160.0,4
165000.0,El Mourouj,Ben Arous,3,1.0,4.0,130.0,1
110000.0,El Mourouj,Ben Arous,2,2.0,3.0,80.0,1
203000.0,Ezzahra,Ben Arous,2,1.0,3.0,86.0,1
115000.0,Hammam Chott,Ben Arous,1,1.0,2.0,65.0,1
165000.0,El Mourouj,Ben Arous,3,1.0,4.0,118.0,3
162500.0,Hammam Chott,Ben Arous,2,1.0,3.0,111.0,2
145000.0,Ezzahra,Ben Arous,3,1.0,3.0,89.0,3
82000.0,Medina Jedida,Ben Arous,2,1.0,6.0,90.0,1
133000.0,Mornag,Ben Arous,1,1.0,1.0,83.0,1
87000.0,Boumhel,Ben Arous,2,2.0,3.0,107.0,1
105000.0,Hammam Chott,Ben Arous,2,1.0,3.0,85.0,3
130000.0,Medina Jedida,Ben Arous,3,1.0,3.0,75.0,1
256500.0,Ezzahra,Ben Arous,3,2.0,5.0,135.0,1
195600.0,Mornag,Ben Arous,3,2.0,4.0,120.0,1
240000.0,Radès,Ben Arous,3,2.0,6.0,150.0,3
215000.0,El Mourouj,Ben Arous,3,1.0,7.0,90.0,1
197000.0,Mornag,Ben Arous,3,1.0,4.0,120.0,3
148000.0,El Mourouj,Ben Arous,2,1.0,4.0,80.0,1
115000.0,Medina Jedida,Ben Arous,2,1.0,3.0,87.0,1
170000.0,Hammam Chott,Ben Arous,2,1.0,3.0,130.0,1
119980.0,El Mourouj,Ben Arous,2,1.0,3.0,70.0,3
287000.0,Ezzahra,Ben Arous,3,1.0,5.0,127.0,4
93000.0,Medina Jedida,Ben Arous,2,1.0,3.0,80.0,1
236000.0,El Mourouj,Ben Arous,2,1.0,2.0,112.0,1
227000.0,Medina Jedida,Ben Arous,3,2.0,4.0,105.0,1
130000.0,Fouchana,Ben Arous,3,1.0,4.0,96.0,1
150000.0,Medina Jedida,Ben Arous,3,1.0,4.0,95.0,1
75000.0,Medina Jedida,Ben Arous,2,1.0,3.0,70.0,2
195000.0,Medina Jedida,Ben Arous,3,1.0,3.0,122.0,1
170000.0,Hammam Lif,Ben Arous,2,1.0,2.0,84.0,6
171000.0,El Mourouj,Ben Arous,3,1.0,3.0,112.0,2
265000.0,Radès,Ben Arous,3,2.0,4.0,140.0,6
167000.0,El Mourouj,Ben Arous,3,1.0,3.0,104.0,2
140000.0,Medina Jedida,Ben Arous,2,1.0,2.0,97.0,1
231000.0,Ezzahra,Ben Arous,2,1.0,3.0,105.0,5
160000.0,Medina Jedida,Ben Arous,3,1.0,4.0,95.0,1
110000.0,Medina Jedida,Ben Arous,2,1.0,3.0,85.0,1
140000.0,Radès,Ben Arous,3,1.0,5.0,90.0,1
125000.0,Radès,Ben Arous,2,1.0,3.0,85.0,2
200000.0,Mornag,Ben Arous,2,1.0,2.0,200.0,1
150000.0,El Mourouj,Ben Arous,3,1.0,4.0,100.0,4
160000.0,El Mourouj,Ben Arous,3,1.0,4.0,100.0,1
100000.0,El Mourouj,Ben Arous,3,1.0,4.0,81.7,3
155000.0,Medina Jedida,Ben Arous,3,1.0,5.0,100.0,1
100000.0,Hammam Chott,Ben Arous,2,1.0,2.0,80.0,1
170000.0,El Mourouj,Ben Arous,3,1.0,6.0,100.0,1
128000.0,Radès,Ben Arous,2,1.0,3.0,70.0,2
115000.0,Borj Cedria,Ben Arous,2,1.0,3.0,75.0,3
158000.0,Radès,Ben Arous,3,1.0,4.0,100.0,1
140000.0,Radès,Ben Arous,3,1.0,4.0,84.0,1
200000.0,Medina Jedida,Ben Arous,3,2.0,4.0,100.0,2
130000.0,Medina Jedida,Ben Arous,2,1.0,3.0,70.0,1
265000.0,Ezzahra,Ben Arous,3,1.0,4.0,140.0,5
95000.0,El Mourouj,Ben Arous,3,1.0,4.0,90.0,4
100000.0,Fouchana,Ben Arous,3,1.0,3.0,75.0,3
250000.0,Radès,Ben Arous,4,2.0,4.0,150.0,3
